id,sequence,label
sp|A0A0C5B5G6|MOTSC_HUMAN,MRWQEMGYIFYPRKLR,1
sp|A6NI15|MSGN1_HUMAN,MDNLRETFLSLEDGLGSSDSPGLLSSWDWKDRAGPFELNQASPSQSLSPAPSLESYSSSPCPAVAGLPCEHGGASSGGSEGCSVGGASGLVEVDYNMLAFQPTHLQGGGGPKAQKGTKVRMSVQRRRKASEREKLRMRTLADALHTLRNYLPPVYSQRGQPLTKIQTLKYTIKYIGELTDLLNRGREPRAQSA,1
sp|A8MT69|CENPX_HUMAN,MEGAGAGSGFRKELVSRLLHLHFKDDKTKVSGDALQLMVELLKVFVVEAAVRGVRQAQAEDALRVDVDQLEKVLPQLLLDF,1
sp|A8MZ59|LEUTX_HUMAN,MFEGPRRYRRPRTRFLSKQLTALRELLEKTMHPSLATMGKLASKLQLDLSVVKIWFKNQRAKWKRQQRQQMQTRPSLGPANQTTSVKKEETPSAITTANIRPVSPGISDANDHDLREPSGIKNPGGASASARVSSWDSQSYDIEQICLGASNPPWASTLFEIDEFVKIYDLPGEDDTSSLNQYLFPVCLEYDQLQSSV,1
sp|O00488|ZN593_HUMAN,MGRSRRTGAHRAHSLARQMKAKRRRPDLDEIHRELRPQGSARPQPDPNAEFDPDLPGGGLHRCLACARYFIDSTNLKTHFRSKDHKKRLKQLSVEPYSQEEAERAAGMGSYVPPRRLAVPTEVSTEVPEMDTST,1
sp|O15347|HMGB3_HUMAN,MAKGDPKKPKGKMSAYAFFVQTCREEHKKKNPEVPVNFAEFSKKCSERWKTMSGKEKSKFDEMAKADKVRYDREMKDYGPAKGGKKKKDPNAPKRPPSGFFLFCSEFRPKIKSTNPGISIGDVAKKLGEMWNNLNDSEKQPYITKAAKLKEKYEKDVADYKSKGKFDGAKGPAKVARKKVEEEDEEEEEEEEEEEEEEDE,1
sp|O15525|MAFG_HUMAN,MTTPNKGNKALKVKREPGENGTSLTDEELVTMSVRELNQHLRGLSKEEIVQLKQRRRTLKNRGYAASCRVKRVTQKEELEKQKAELQQEVEKLASENASMKLELDALRSKYEALQTFARTVARSPVAPARGPLAAGLGPLVPGKVAATSVITIVKSKTDARS,1
sp|O15540|FABP7_HUMAN,MVEAFCATWKLTNSQNFDEYMKALGVGFATRQVGNVTKPTVIISQEGDKVVIRTLSTFKNTEISFQLGEEFDETTADDRNCKSVVSLDGDKLVHIQKWDGKETNFVREIKDGKMVMTLTFGDVVAVRHYEKA,1
sp|O43680|TCF21_HUMAN,MSTGSLSDVEDLQEVEMLECDGLKMDSNKEFVTSNESTEESSNCENGSPQKGRGGLGKRRKAPTKKSPLSGVSQEGKQVQRNAANARERARMRVLSKAFSRLKTTLPWVPPDTKLSKLDTLRLASSYIAHLRQILANDKYENGYIHPVNLTWPFMVAGKPESDLKEVVTASRLCGTTAS,1
sp|O60356|NUPR1_HUMAN,MATFPPATSAPQQPPGPEDEDSSLDESDLYSLAHSYLGGGGRKGRTKREAAANTNRPSPGGHERKLVTKLQNSERKKRGARR,1
sp|O60519|CRBL2_HUMAN,MDDSKVVGGKVKKPGKRGRKPAKIDLKAKLERSRQSARECRARKKLRYQYLEELVSSRERAICALREELEMYKQWCMAMDQGKIPSEIKALLTGEEQNKSQQNSSRHTKAGKTDANSNSW,1
sp|O60675|MAFK_HUMAN,MTTNPKPNKALKVKKEAGENAPVLSDDELVSMSVRELNQHLRGLTKEEVTRLKQRRRTLKNRGYAASCRIKRVTQKEELERQRVELQQEVEKLARENSSMRLELDALRSKYEALQTFARTVARGPVAPSKVATTSVITIVKSTELSSTSVPFSAAS,1
sp|O60814|H2B1K_HUMAN,MPEPAKSAPAPKKGSKKAVTKAQKKDGKKRKRSRKESYSVYVYKVLKQVHPDTGISSKAMGIMNSFVNDIFERIAGEASRLAHYNKRSTITSREIQTAVRLLLPGELAKHAVSEGTKAVTKYTSAK,1
sp|O60829|PAGE4_HUMAN,MSARVRSRSRGRGDGQEAPDVVAFVAPGESQQEEPPTDNQDIEPGQEREGTPPIEERKVEGDCQEMDLEKTRSERGDGSDVKEKTPPNPKHAKTKEAGDGQP,1
sp|O60869|EDF1_HUMAN,MAESDWDTVTVLRKKGPTAAQAKSKQAILAAQRRGEDVETSKKWAAGQNKQHSITKNTAKLDRETEELHHDRVTLEVGKVIQQGRQSKGLTQKDLATKINEKPQVIADYESGRAIPNNQVLGKIERAIGLKLRGKDIGKPIEKGPRAK,1
sp|O75531|BAF_HUMAN,MTTSQKHRDFVAEPMGEKPVGSLAGIGEVLGKKLEERGFDKAYVVLGQFLVLKKDEDLFREWLKDTCGANAKQSRDCFGCLREWCDAFL,1
sp|O75838|CIB2_HUMAN,MGNKQTIFTEEQLDNYQDCTFFNKKDILKLHSRFYELAPNLVPMDYRKSPIVHVPMSLIIQMPELRENPFKERIVAAFSEDGEGNLTFNDFVDMFSVLCESAPRELKANYAFKIYDFNTDNFICKEDLELTLARLTKSELDEEEVVLVCDKVIEEADLDGDGKLGFADFEDMIAKAPDFLSTFHIRI,1
sp|O75884|RBBP9_HUMAN,MASPSKAVIVPGNGGGDVTTHGWYGWVKKELEKIPGFQCLAKNMPDPITARESIWLPFMETELHCDEKTIIIGHSSGAIAAMRYAETHRVYAIVLVSAYTSDLGDENERASGYFTRPWQWEKIKANCPYIVQFGSTDDPFLPWKEQQEVADRLETKLHKFTDCGHFQNTEFHELITVVKSLLKVPA,1
sp|O95998|I18BP_HUMAN,MTMRHNWTPDLSPLWVLLLCAHVVTLLVRATPVSQTTTAATASVRSTKDPCPSQPPVFPAAKQCPALEVTWPEVEVPLNGTLSLSCVACSRFPNFSILYWLGNGSFIEHLPGRLWEGSTSRERGSTGTQLCKALVLEQLTPALHSTNFSCVLVDPEQVVQRHVVLAQLWAGLRATLPPTQEALPSSHSSPQQQG,1
sp|P03950|ANGI_HUMAN,MVMGLGVLLLVFVLGLGLTPPTLAQDNSRYTHFLTQHYDAKPQGRDDRYCESIMRRRGLTSPCKDINTFIHGNKRSIKAICENKNGNPHRENLRISKSSFQVTTCKLHGGSPWPPCQYRATAGFRNVVVACENGLPVHLDQSIFRRP,1
sp|P04553|HSP1_HUMAN,MARYRCCRSQSRSRYYRQRQRSRRRRRRSCQTRRRAMRCCRPRYRPRCRRH,1
sp|P04554|PRM2_HUMAN,MVRYRVRSLSERSHEVYRQQLHGQEQGHHGQEEQGLSPEHVEVYERTHGQSHYRRRHCSRRRLHRIHRRQHRSCRRRKRRSCRHRRRHRRGCRTRKRTCRRH,1
sp|P04908|H2A1B_HUMAN,MSGRGKQGGKARAKAKTRSSRAGLQFPVGRVHRLLRKGNYSERVGAGAPVYLAAVLEYLTAEILELAGNAARDNKKTRIIPRHLQLAIRNDEELNKLLGRVTIAQGGVLPNIQAVLLPKKTESHHKAKGK,1
sp|P05114|HMGN1_HUMAN,MPKRKVSSAEGAAKEEPKRRSARLSAKPPAKVEAKPKKAAAKDKSSDKKVQTKGKRGAKGKQAEVANQETKEDLPAENGETKTEESPASDEAGEKEAKSD,1
sp|P05162|LEG2_HUMAN,MTGELEVKNMDMKPGSTLKITGSIADGTDGFVINLGQGTDKLNLHFNPRFSESTIVCNSLDGSNWGQEQREDHLCFSPGSEVKFTVTFESDKFKVKLPDGHELTFPNRLGHSHLSYLSVRGGFNMSSFKLKE,1
sp|P05204|HMGN2_HUMAN,MPKRKAEGDAKGDKAKVKDEPQRRSARLSAKPAPPKPEPKPKKAPAKKGEKVPKGKKGKADAGKEGNNPAENGDAKTDQAQKAEGAGDAK,1
sp|P05413|FABPH_HUMAN,MVDAFLGTWKLVDSKNFDDYMKSLGVGFATRQVASMTKPTTIIEKNGDILTLKTHSTFKNTEISFKLGVEFDETTADDRKVKSIVTLDGGKLVHLQKWDGQETTLVRELIDGKLILTLTHGTAVCTRTYEKEA,1
sp|P06899|H2B1J_HUMAN,MPEPAKSAPAPKKGSKKAVTKAQKKDGKKRKRSRKESYSIYVYKVLKQVHPDTGISSKAMGIMNSFVNDIFERIAGEASRLAHYNKRSTITSREIQTAVRLLLPGELAKHAVSEGTKAVTKYTSAK,1
sp|P07108|ACBP_HUMAN,MSQAEFEKAAEEVRHLKTKPSDEEMLFIYGHYKQATVGDINTERPGMLDFTGKAKWDAWNELKGTSKEDAMKAYINKVEELKKKYGI,1
sp|P07305|H10_HUMAN,MTENSTSAPAAKPKRAKASKKSTDHPKYSDMIVAAIQAEKNRAGSSRQSIQKYIKSHYKVGENADSQIKLSIKRLVTTGVLKQTKGVGASGSFRLAKSDEPKKSVAFKKTKKEIKKVATPKKASKPKKAASKAPTKKPKATPVKKAKKKLAATPKKAKKPKTVKAKPVKASKPKKAKPVKPKAKSSAKRAGKKK,1
sp|P09430|STP1_HUMAN,MSTSRKLKSHGMRRSKSRSPHKGVKRGGSKRKYRKGNLKSRKRGDDANRNYRSHL,1
sp|P09455|RET1_HUMAN,MPVDFTGYWKMLVNENFEEYLRALDVNVALRKIANLLKPDKEIVQDGDHMIIRTLSTFRNYIMDFQVGKEFEEDLTGIDDRKCMTTVSWDGDKLQCVQKGEKEGRGWTQWIEGDELHLEMRVEGVVCKQVFKKVQ,1
sp|P0C0S5|H2AZ_HUMAN,MAGGKAGKDSGKAKTKAVSRSQRAGLQFPVGRIHRHLKSRTTSHGRVGATAAVYSAAILEYLTAEVLELAGNASKDLKVKRITPRHLQLAIRGDEELDSLIKATIAGGGVIPHIHKSLIGKKGQQKTV,1
sp|P0C0S8|H2A1_HUMAN,MSGRGKQGGKARAKAKTRSSRAGLQFPVGRVHRLLRKGNYAERVGAGAPVYLAAVLEYLTAEILELAGNAARDNKKTRIIPRHLQLAIRNDEELNKLLGKVTIAQGGVLPNIQAVLLPKKTESHHKAKGK,1
sp|P0C5Y9|H2AB1_HUMAN,MPRRRRRRGSSGAGGRGRTCSRTVRAELSFSVSQVERSLREGHYAQRLSRTAPVYLAAVIEYLTAKVPELAGNEAQNSGERNITPLLLDMVVHNDRLLSTLFNTTTISQVAPGED,1
sp|P0C5Z0|H2AB2_HUMAN,MPRRRRRRGSSGAGGRGRTCSRTVRAELSFSVSQVERSLREGHYAQRLSRTAPVYLAAVIEYLTAKVLELAGNEAQNSGERNITPLLLDMVVHNDRLLSTLFNTTTISQVAPGED,1
sp|P0DPK2|H3Y1_HUMAN,MARTKQTARKATAWQAPRKPLATKAAGKRAPPTGGIKKPHRYKPGTLALREIRKYQKSTQLLLRKLPFQRLVREIAQAISPDLRFQSAAIGALQEASEAYLVQLFEDTNLCAIHARRVTIMPRDMQLARRLRREGP,1
sp|P12104|FABPI_HUMAN,MAFDSTWKVDRSENYDKFMEKMGVNIVKRKLAAHDNLKLTITQEGNKFTVKESSTFRNIEVVFELGVTFNYNLADGTELRGTWSLEGNKLIGKFKRTDNGNELNTVREIIGDELVQTYVYEGVEAKRIFKKD,1
sp|P14927|QCR7_HUMAN,MAGKQAVSASGKWLDGIRKWYYNAAGFNKLGLMRDDTIYEDEDVKEAIRRLPENLYNDRMFRIKRALDLNLKHQILPKEQWTKYEEENFYLEPYLKEVIRERKEREEWAKK,1
sp|P15090|FABP4_HUMAN,MCDAFVGTWKLVSSENFDDYMKEVGVGFATRKVAGMAKPNMIISVNGDVITIKSESTFKNTEISFILGQEFDEVTADDRKVKSTITLDGGVLVHVQKWDGKSTTIKRKREDDKLVVECVMKGVTSTRVYERA,1
sp|P16104|H2AX_HUMAN,MSGRGKTGGKARAKAKSRSSRAGLQFPVGRVHRLLRKGHYAERVGAGAPVYLAAVLEYLTAEILELAGNAARDNKKTRIIPRHLQLAIRNDEELNKLLGGVTIAQGGVLPNIQAVLLPKKTSATVGPKAPSGGKKATQASQEY,1
sp|P17096|HMGA1_HUMAN,MSESSSKSSQPLASKQEKDGTEKRGRGRPRKQPPVSPGTALVGSQKEPSEVPTPKRPRGRPKGSKNKGAAKTRKTTTTPGRKPRGRPKKLEKEEEEGISQESSEEEQ,1
sp|P18847|ATF3_HUMAN,MMLQHPGQVSASEVSASAIVPCLSPPGSLVFEDFANLTPFVKEELRFAIQNKHLCHRMSSALESVTVSDRPLGVSITKAEVAPEEDERKKRRRERNKIAAAKCRNKKKEKTECLQKESEKLESVNAELKAQIEELKNEKQHLIYMLNLHRPTCIVRAQNGRTPEDERNLFIQQIKEGTLQS,1
sp|P20671|H2A1D_HUMAN,MSGRGKQGGKARAKAKTRSSRAGLQFPVGRVHRLLRKGNYSERVGAGAPVYLAAVLEYLTAEILELAGNAARDNKKTRIIPRHLQLAIRNDEELNKLLGKVTIAQGGVLPNIQAVLLPKKTESHHKAKGK,1
sp|P22392|NDKB_HUMAN,MANLERTFIAIKPDGVQRGLVGEIIKRFEQKGFRLVAMKFLRASEEHLKQHYIDLKDRPFFPGLVKYMNSGPVVAMVWEGLNVVKTGRVMLGETNPADSKPGTIRGDFCIQVGRNIIHGSDSVKSAEKEISLWFKPEELVDYKSCAHDWVYE,1
sp|P23527|H2B1O_HUMAN,MPDPAKSAPAPKKGSKKAVTKAQKKDGKKRKRSRKESYSIYVYKVLKQVHPDTGISSKAMGIMNSFVNDIFERIAGEASRLAHYNKRSTITSREIQTAVRLLLPGELAKHAVSEGTKAVTKYTSSK,1
sp|P25791|RBTN2_HUMAN,MSSAIERKSLDPSEEPVDEVLQIPPSLLTCGGCQQNIGDRYFLKAIDQYWHEDCLSCDLCGCRLGEVGRRLYYKLGRKLCRRDYLRLFGQDGLCASCDKRIRAYEMTMRVKDKVYHLECFKCAACQKHFCVGDRYLLINSDIVCEQDIYEWTKINGMI,1
sp|P29373|RABP2_HUMAN,MPNFSGNWKIIRSENFEELLKVLGVNVMLRKIAVAAASKPAVEIKQEGDTFYIKTSTTVRTTEINFKVGEEFEEQTVDGRPCKSLVKWESENKMVCEQKLLKGEGPKTSWTRELTNDGELILTMTADDVVCTRVYVRE,1
sp|P33763|S10A5_HUMAN,METPLEKALTTMVTTFHKYSGREGSKLTLSRKELKELIKKELCLGEMKESSIDDLMKSLDKNSDQEIDFKEYSVFLTMLCMAYNDFFLEDNK,1
sp|P33764|S10A3_HUMAN,MARPLEQAVAAIVCTFQEYAGRCGDKYKLCQAELKELLQKELATWTPTEFRECDYNKFMSVLDTNKDCEVDFVEYVRSLACLCLYCHEYFKDCPSEPPCSQ,1
sp|P33778|H2B1B_HUMAN,MPEPSKSAPAPKKGSKKAITKAQKKDGKKRKRSRKESYSIYVYKVLKQVHPDTGISSKAMGIMNSFVNDIFERIAGEASRLAHYNKRSTITSREIQTAVRLLLPGELAKHAVSEGTKAVTKYTSSK,1
sp|P35244|RFA3_HUMAN,MVDMMDLPRSRINAGMLAQFIDKPVCFVGRLEKIHPTGKMFILSDGEGKNGTIELMEPLDEEISGIVEVVGRVTAKATILCTSYVQFKEDSHPFDLGLYNEAVKIIHDFPQFYPLGIVQHD,1
sp|P35638|DDIT3_HUMAN,MAAESLPFSFGTLSSWELEAWYEDLQEVLSSDENGGTYVSPPGNEEEESKIFTTLDPASLAWLTEEEPEPAEVTSTSQSPHSPDSSQSSLAQEEEEEDQGRTRKRKQSGHSPARAGKQRMKEKEQENERKVAQLAEENERLKQEIERLTREVEATRRALIDRMVNLHQA,1
sp|P41134|ID1_HUMAN,MKVASGSTATAAAGPSCALKAGKTASGAGEVVRCLSEQSVAISRCAGGAGARLPALLDEQQVNVLLYDMNGCYSRLKELVPTLPQNRKVSKVEILQHVIDYIRDLQLELNSESEVGTPGGRGLPVRAPLSTLNGEISALTAEAACVPADDRILCR,1
sp|P47928|ID4_HUMAN,MKAVSPVRPSGRKAPSGCGGGELALRCLAEHGHSLGGSAAAAAAAAAARCKAAEAAADEPALCLQCDMNDCYSRLRRLVPTIPPNKKVSKVEILQHVIDYILDLQLALETHPALLRQPPPPAPPHHPAGTCPAAPPRTPLTALNTDPAGAVNKQGDSILCR,1
sp|P49450|CENPA_HUMAN,MGPRRRSRKPEAPRRRSPSPTPTPGPSRRGPSLGASSHQHSRRRQGWLKEIRKLQKSTHLLIRKLPFSRLAREICVKFTRGVDFNWQAQALLALQEAAEAFLVHLFEDAYLLTLHAGRVTLFPKDVQLARRIRGLEEGLG,1
sp|P51161|FABP6_HUMAN,MAFTGKFEMESEKNYDEFMKLLGISSDVIEKARNFKIVTEVQQDGQDFTWSQHYSGGHTMTNKFTVGKESNIQTMGGKTFKATVQMEGGKLVVNFPNYHQTSEIVGDKLVEVSTIGGVTYERVSKRLA,1
sp|P52298|NCBP2_HUMAN,MSGGLLKALRSDSYVELSQYRDQHFRGDNEEQEKLLKKSCTLYVGNLSFYTTEEQIYELFSKSGDIKKIIMGLDKMKKTACGFCFVEYYSRADAENAMRYINGTRLDDRIIRTDWDAGFKEGRQYGRGRSGGQVRDEYRQDYDAGRGGYGKLAQNQ,1
sp|P52434|RPAB3_HUMAN,MAGILFEDIFDVKDIDPEGKKFDRVSRLHCESESFKMDLILDVNIQIYPVDLGDKFRLVIASTLYEDGTLDDGEYNPTDDRPSRADQFEYVMYGKVYRIEGDETSTEAATRLSAYVSYGGLLMRLQGDANNLHGFEVDSRVYLLMKKLAF,1
sp|P52926|HMGA2_HUMAN,MSARGEGAGQPSTSAQGQPAAPAPQKRGRGRPRKQQQEPTGEPSPKRPRGRPKGSKNKSPSKAAQKKAEATGEKRPRGRPRKWPQQVVQKKPAQEETEETSSQESAEED,1
sp|P53567|CEBPG_HUMAN,MSKISQQNSTPGVNGISVIHTQAHASGLQQVPQLVPAGPGGGGKAVAPSKQSKKSSPMDRNSDEYRQRRERNNMAVKKSRLKSKQKAQDTLQRVNQLKEENERLEAKIKLLTKELSVLKDLFLEHAHNLADNVQSISTENTTADGDNAGQ,1
sp|P53999|TCP4_HUMAN,MPKSKELVSSSSSGSDSDSEVDKKLKRKKQVAPEKPVKKQKTGETSRALSSSKQSSSSRDDNMFQIGKMRYVSVRDFKGKVLIDIREYWMDPEGEMKPGRKGISLNPEQWSQLKEQISDIDDAVRKL,1
sp|P56179|DLX6_HUMAN,MSHSQHSPYLQSYHNSSAAAQTRGDDTDQQKTTVIENGEIRFNGKGKKIRKPRTIYSSLQLQALNHRFQQTQYLALPERAELAASLGLTQTQVKIWFQNKRSKFKKLLKQGSNPHESDPLQGSAALSPRSPALPPVWDVSASAKGVSMPPNSYMPGYSHWYSSPHQDTMQRPQMM,1
sp|P57053|H2BFS_HUMAN,MPEPAKSAPAPKKGSKKAVTKAQKKDGRKRKRSRKESYSVYVYKVLKQVHPDTGISSKAMGIMNSFVNDIFERIAGEASRLPHYNKRSTITSREIQTAVRLLLPGELAKHAVSEGTKAVTKYTSAK,1
sp|P58876|H2B1D_HUMAN,MPEPTKSAPAPKKGSKKAVTKAQKKDGKKRKRSRKESYSVYVYKVLKQVHPDTGISSKAMGIMNSFVNDIFERIAGEASRLAHYNKRSTITSREIQTAVRLLLPGELAKHAVSEGTKAVTKYTSSK,1
sp|P61244|MAX_HUMAN,MSDNDDIEVESDEEQPRFQSAADKRAHHNALERKRRDHIKDSFHSLRDSVPSLQGEKASRAQILDKATEYIQYMRRKNHTHQQDIDDLKRQNALLEQQVRALEKARSSAQLQTNYPSSDNSLYTNAKGSTISAFDGGSDSSSESEPEEPQSRKKLRMEAS,1
sp|P62256|UBE2H_HUMAN,MSSPSPGKRRMDTDVVKLIESKHEVTILGGLNEFVVKFYGPQGTPYEGGVWKVRVDLPDKYPFKSPSIGFMNKIFHPNIDEASGTVCLDVINQTWTALYDLTNIFESFLPQLLAYPNPIDPLNGDAAAMYLHRPEEYKQKIKEYIQKYATEEALKEQEEGTGDSSSESSMSDFSEDEAQDMEL,1
sp|P62380|TBPL1_HUMAN,MDADSDVALDILITNVVCVFRTRCHLNLRKIALEGANVIYKRDVGKVLMKLRKPRITATIWSSGKIICTGATSEEEAKFGARRLARSLQKLGFQVIFTDFKVVNVLAVCNMPFEIRLPEFTKNNRPHASYEPELHPAVCYRIKSLRATLQIFSTGSITVTGPNVKAVATAVEQIYPFVFESRKEIL,1
sp|P62633|CNBP_HUMAN,MSSNECFKCGRSGHWARECPTGGGRGRGMRSRGRGGFTSDRGFQFVSSSLPDICYRCGESGHLAKDCDLQEDACYNCGRGGHIAKDCKEPKREREQCCYNCGKPGHLARDCDHADEQKCYSCGEFGHIQKDCTKVKCYRCGETGHVAINCSKTSEVNCYRCGESGHLARECTIEATA,1
sp|P62805|H4_HUMAN,MSGRGKGGKGLGKGGAKRHRKVLRDNIQGITKPAIRRLARRGGVKRISGLIYEETRGVLKVFLENVIRDAVTYTEHAKRKTVTAMDVVYALKRQGRTLYGFGG,1
sp|P62807|H2B1C_HUMAN,MPEPAKSAPAPKKGSKKAVTKAQKKDGKKRKRSRKESYSVYVYKVLKQVHPDTGISSKAMGIMNSFVNDIFERIAGEASRLAHYNKRSTITSREIQTAVRLLLPGELAKHAVSEGTKAVTKYTSSK,1
sp|P62942|FKB1A_HUMAN,MGVQVETISPGDGRTFPKRGQTCVVHYTGMLEDGKKFDSSRDRNKPFKFMLGKQEVIRGWEEGVAQMSVGQRAKLTISPDYAYGATGHPGIIPPHATLVFDVELLKLE,1
sp|P68106|FKB1B_HUMAN,MGVEIETISPGDGRTFPKKGQTCVVHYTGMLQNGKKFDSSRDRNKPFKFRIGKQEVIKGFEEGAAQMSLGQRAKLTCTPDVAYGATGHPGVIPPNATLIFDVELLNLE,1
sp|P68431|H31_HUMAN,MARTKQTARKSTGGKAPRKQLATKAARKSAPATGGVKKPHRYRPGTVALREIRRYQKSTELLIRKLPFQRLVREIAQDFKTDLRFQSSAVMALQEACEAYLVGLFEDTNLCAIHAKRVTIMPKDIQLARRIRGERA,1
sp|P78317|RNF4_HUMAN,MSTRKRRGGAINSRQAQKRTREATSTPEISLEAEPIELVETAGDEIVDLTCESLEPVVVDLTHNDSVVIVDERRRPRRNARRLPQDHADSCVVSSDDEELSRDRDVYVTTHTPRNARDEGATGLRPSGTVSCPICMDGYSEIVQNGRLIVSTECGHVFCSQCLRDSLKNANTCPTCRKKINHKRYHPIYI,1
sp|P84243|H33_HUMAN,MARTKQTARKSTGGKAPRKQLATKAARKSAPSTGGVKKPHRYRPGTVALREIRRYQKSTELLIRKLPFQRLVREIAQDFKTDLRFQSAAIGALQEASEAYLVGLFEDTNLCAIHAKRVTIMPKDIQLARRIRGERA,1
sp|P98179|RBM3_HUMAN,MSSEEGKLFVGGLNFNTDEQALEDHFSSFGPISEVVVVKDRETQRSRGFGFITFTNPEHASVAMRAMNGESLDGRQIRVDHAGKSARGTRGGGFGAHGRGRSYSRGGGDQGYGSGRYYDSRPGGYGYGYGRSRDYNGRNQGGYDRYSGGNYRDNYDN,1
sp|Q01658|NC2B_HUMAN,MASSSGNDDDLTIPRAAINKMIKETLPNVRVANDARELVVNCCTEFIHLISSEANEICNKSEKKTISPEHVIQALESLGFGSYISEVKEVLQECKTVALKRRKASSRLENLGIPEEELLRQQQELFAKARQQQAELAQQEWLQMQQAAQQAQLAAASASASNQAGSSQDEEDDDDI,1
sp|Q02363|ID2_HUMAN,MKAFSPVRSVRKNSLSDHSLGISRSKTPVDDPMSLLYNMNDCYSKLKELVPSIPQNKKVSKMEILQHVIDYILDLQIALDSHPTIVSLHHQRPGQNQASRTPLTTLNTDISILSLQASEFPSELMSNDSKALCG,1
sp|Q02535|ID3_HUMAN,MKALSPVRGCYEAVCCLSERSLAIARGRGKGPAAEEPLSLLDDMNHCYSRLRELVPGVPRGTQLSQVEILQRVIDYILDLQVVLAEPAPGPPDGPHLPIQTAELTPELVISNDKRSFCH,1
sp|Q02575|HEN1_HUMAN,MMLNSDTMELDLPPTHSETESGFSDCGGGAGPDGAGPGGPGGGQARGPEPGEPGRKDLQHLSREERRRRRRATAKYRTAHATRERIRVEAFNLAFAELRKLLPTLPPDKKLSKIEILRLAICYISYLNHVLDV,1
sp|Q02577|HEN2_HUMAN,MMLSPDQAADSDHPSSAHSDPESLGGTDTKVLGSVSDLEPVEEAEGDGKGGSRAALYPHPQQLSREEKRRRRRATAKYRSAHATRERIRVEAFNLAFAELRKLLPTLPPDKKLSKIEILRLAICYISYLNHVLDV,1
sp|Q04837|SSBP_HUMAN,MFRRPVLQVLRQFVRHESETTTSLVLERSLNRVHLLGRVGQDPVLRQVEGKNPVTIFSLATNEMWRSGDSEVYQLGDVSQKTTWHRISVFRPGLRDVAYQYVKKGSRIYLEGKIDYGEYMDKNNVRRQATTIIADNIIFLSDQTKEKE,1
sp|Q12870|TCF15_HUMAN,MAFALLRPVGAHVLYPDVRLLSEDEENRSESDASDQSFGCCEGPEAARRGPGPGGGRRAGGGGGAGPVVVVRQRQAANARERDRTQSVNTAFTALRTLIPTEPVDRKLSKIETVRLASSYIAHLANVLLLGDSADDGQPCFRAAGSAKGAVPAAADGGRQPRSICTFCLSNQRKGGGRRDLGGSCLKVRGVAPLRGPRR,1
sp|Q13901|C1D_HUMAN,MAGEEINEDYPVEIHEYLSAFENSIGAVDEMLKTMMSVSRNELLQKLDPLEQAKVDLVSAYTLNSMFWVYLATQGVNPKEHPVKQELERIRVYMNRVKEITDKKKAGKLDRGAASRFVKNALWEPKSKNASKVANKGKSKS,1
sp|Q14011|CIRBP_HUMAN,MASDEGKLFVGGLSFDTNEQSLEQVFSKYGQISEVVVVKDRETQRSRGFGFVTFENIDDAKDAMMAMNGKSVDGRQIRVDQAGKSSDNRSRGYRGGSAGGRGFFRGGRGRGRGFSRGGGDRGYGGNRFESRSGGYGGSRDYYSSRSQSGGYSDRSSGGSYRDSYDSYATHNE,1
sp|Q16520|BATF_HUMAN,MPHSSDSSDSSFSRSPPPGKQDSSDDVRRVQRREKNRIAAQKSRQRQTQKADTLHLESEDLEKQNAALRKEIKQLTEELKYFTSVLNSHEPLCSVLAASTPSPPEVVYSAHAFHQPHVSSPRFQP,1
sp|Q16695|H31T_HUMAN,MARTKQTARKSTGGKAPRKQLATKVARKSAPATGGVKKPHRYRPGTVALREIRRYQKSTELLIRKLPFQRLMREIAQDFKTDLRFQSSAVMALQEACESYLVGLFEDTNLCVIHAKRVTIMPKDIQLARRIRGERA,1
sp|Q16777|H2A2C_HUMAN,MSGRGKQGGKARAKAKSRSSRAGLQFPVGRVHRLLRKGNYAERVGAGAPVYMAAVLEYLTAEILELAGNAARDNKKTRIIPRHLQLAIRNDEELNKLLGKVTIAQGGVLPNIQAVLLPKKTESHKAKSK,1
sp|Q16778|H2B2E_HUMAN,MPEPAKSAPAPKKGSKKAVTKAQKKDGKKRKRSRKESYSIYVYKVLKQVHPDTGISSKAMGIMNSFVNDIFERIAGEASRLAHYNKRSTITSREIQTAVRLLLPGELAKHAVSEGTKAVTKYTSSK,1
sp|Q3KP22|MAJIN_HUMAN,MSLKPFTYPFPETRFLHAGPNVYKFKIRYGKSIRGEEIENKEVITQELEVPVEKKAVGAVMRKRKHMDEPSSPSRPGLDRAKIGTSSQGPSKKKPPVETRRNRERKTQQGLQETLASDITDVQKQDSEWGHSLPGRIVPPLQHNSPPPKERAATGFFGFLSSLFPFRYFFRKSSHS,1
sp|Q5EE01|CENPW_HUMAN,MALSTIVSQRKQIKRKAPRGFLKRVFKRKKPQLRLEKSGDLLVHLNCLLFVHRLAEESRTNACASKCRVINKEHVLAAAKVILKKSRG,1
sp|Q5QNW6|H2B2F_HUMAN,MPDPAKSAPAPKKGSKKAVTKVQKKDGKKRKRSRKESYSVYVYKVLKQVHPDTGISSKAMGIMNSFVNDIFERIAGEASRLAHYNKRSTITSREIQTAVRLLLPGELAKHAVSEGTKAVTKYTSSK,1
sp|Q5TA89|HES5_HUMAN,MAPSTVAVELLSPKEKNRLRKPVVEKMRRDRINSSIEQLKLLLEQEFARHQPNSKLEKADILEMAVSYLKHSKAFVAAAGPKSLHQDYSEGYSWCLQEAVQFLTLHAASDTQMKLLYHFQRPPAAPAAPAKEPKAPGAAPPPALSAKATAAAAAAHQPACGLWRPW,1
sp|Q6DN03|H2B2C_HUMAN,MPEPAKFAPAPKKGSKKAVTKAQKKDGKKRKRSRKESYSIYVYKVLKRVHPDTGIWCKAMGIMNSFLNDIFERIAGEASRLAHYNKRSTITSRRSRRPCACCCPASWPSTPCPRAPRRSPSTPAPSESLPGPGARSLPPSLPPRVAGCFVSKGSFQGHLTTSVKESFLCCQSQLMFLASRLVNFRRAHNTKHR,1
sp|Q6DRA6|H2B2D_HUMAN,MPEPAKFAPAPKKGSKKAVTKAQKKDGKKRKRSRKESYSIYVYKVLKRVHPDTGIWCKAMGIMNSFLNDIFERIAGEASRLAHYNKRSTITSRRSRRPCACCCPASWPSTPCPRAPRRSPSTPAPSESLPGPGARSLPPSLPPRVAGCFVSKGSFQGHLTPLVK,1
sp|Q6FI13|H2A2A_HUMAN,MSGRGKQGGKARAKAKSRSSRAGLQFPVGRVHRLLRKGNYAERVGAGAPVYMAAVLEYLTAEILELAGNAARDNKKTRIIPRHLQLAIRNDEELNKLLGKVTIAQGGVLPNIQAVLLPKKTESHHKAKGK,1
sp|Q6NXT2|H3C_HUMAN,MARTKQTARKSTGGKAPRKQLATKAARKSTPSTCGVKPHRYRPGTVALREIRRYQKSTELLIRKLPFQRLVREIAQDFNTDLRFQSAAVGALQEASEAYLVGLLEDTNLCAIHAKRVTIMPKDIQLARRIRGERA,1
sp|Q6NZ36|FAP20_HUMAN,MEAARRPRLGLSRRRPRPAGGPSGGRPWFLLGGDERERLWAELLRTVSPELILDHEVPSLPAFPGQEPRCGPEPTEVFTVGPKTFSWTPFPPDLWGPGRSYRLLHGAGGHLESPARSLPQRPAPDPCRAPRVEQQPSVEGAAALRSCPMCQKEFAPRLTQLDVDSHLAQCLAESTEDVTW,1
sp|Q6XD76|ASCL4_HUMAN,METRKPAERLALPYSLRTAPLGVPGTLPGLPRRDPLRVALRLDAACWEWARSGCARGWQYLPVPLDSAFEPAFLRKRNERERQRVRCVNEGYARLRDHLPRELADKRLSKVETLRAAIDYIKHLQELLERQAWGLEGAAGAVPQRRAECNSDGESKASSAPSPSSEPEEGGS,1
sp|Q71DI3|H32_HUMAN,MARTKQTARKSTGGKAPRKQLATKAARKSAPATGGVKKPHRYRPGTVALREIRRYQKSTELLIRKLPFQRLVREIAQDFKTDLRFQSSAVMALQEASEAYLVGLFEDTNLCAIHAKRVTIMPKDIQLARRIRGERA,1
sp|Q71UI9|H2AV_HUMAN,MAGGKAGKDSGKAKAKAVSRSQRAGLQFPVGRIHRHLKTRTTSHGRVGATAAVYSAAILEYLTAEVLELAGNASKDLKVKRITPRHLQLAIRGDEELDSLIKATIAGGGVIPHIHKSLIGKKGQQKTA,1
sp|Q7L7L0|H2A3_HUMAN,MSGRGKQGGKARAKAKSRSSRAGLQFPVGRVHRLLRKGNYSERVGAGAPVYLAAVLEYLTAEILELAGNAARDNKKTRIIPRHLQLAIRNDEELNKLLGRVTIAQGGVLPNIQAVLLPKKTESHHKAKGK,1
sp|Q7RTS1|BHA15_HUMAN,MKTKNRPPRRRAPVQDTEATPGEGTPDGSLPNPGPEPAKGLRSRPARAAARAPGEGRRRRPGPSGPGGRRDSSIQRRLESNERERQRMHKLNNAFQALREVIPHVRADKKLSKIETLTLAKNYIKSLTATILTMSSSRLPGLEGPGPKLYQHYQQQQQVAGGALGATEAQPQGHLQRYSTQIHSFREGT,1
sp|Q7RTV0|PHF5A_HUMAN,MAKHHPDLIFCRKQAGVAIGRLCEKCDGKCVICDSYVRPCTLVRICDECNYGSYQGRCVICGGPGVSDAYYCKECTIQEKDRDGCPKIVNLGSSKTDLFYERKKYGFKKR,1
sp|Q7Z2G1|H2BWT_HUMAN,MATASAMAGPSSETTSEEQLITQEPKEANSTTSQKQSKQRKRGRHGPRRCHSNCRGDSFATYFRRVLKQVHQGLSLSREAVSVMDSLVHDILDRIATEAGHLARSTKRQTITAWETRMAVRLLLPGQMGKLAESEGTKAVLRTSLYAIQQQRK,1
sp|Q86SG5|S1A7A_HUMAN,MSNTQAERSIIGMIDMFHKYTGRDGKIEKPSLLTMMKENFPNFLSACDKKGIHYLATVFEKKDKNEDKKIDFSEFLSLLGDIAADYHKQSHGAAPCSGGSQ,1
sp|Q86WV5|TEN1L_HUMAN,MMLPKPGTYYLPWEVSAGQVPDGSTLRTFGRLCLYDMIQSRVTLMAQHGSDQHQVLVCTKLVEPFHAQVGSLYIVLGELQHQQDRGSVVKARVLTCVEGMNLPLLEQAIREQRLYKQERGGSQ,1
sp|Q8IUE6|H2A2B_HUMAN,MSGRGKQGGKARAKAKSRSSRAGLQFPVGRVHRLLRKGNYAERVGAGAPVYLAAVLEYLTAEILELAGNAARDNKKTRIIPRHLQLAVRNDEELNKLLGGVTIAQGGVLPNIQAVLLPKKTESHKPGKNK,1
sp|Q8IXM2|BAP18_HUMAN,MTSASTKVGEIFSAAGAAFTKLGELTMQLHPVADSSPAGAKWTETEIEMLRAAVKRFGDDLNHISCVIKERTVAQIKATVKRKVYEDSGIPLPAESPKKGPKKVASGVLSPPPAAPPPSSSSVPEAGGPPIKKQKADVTLSALNDSDANSDVVDIEGLGETPPAKKLNFDQA,1
sp|Q8N100|ATOH7_HUMAN,MKSCKPSGPPAGARVAPPCAGGTECAGTCAGAGRLESAARRRLAANARERRRMQGLNTAFDRLRRVVPQWGQDKKLSKYETLQMALSYIMALTRILAEAERFGSERDWVGLHCEHFGRDHYLPFPGAKLPGESELYSQRLFGFQPEPFQMAT,1
sp|Q8N257|H2B3B_HUMAN,MPDPSKSAPAPKKGSKKAVTKAQKKDGKKRKRGRKESYSIYVYKVLKQVHPDTGISSKAMGIMNSFVNDIFERIASEASRLAHYNKRSTITSREVQTAVRLLLPGELAKHAVSEGTKAVTKYTSSK,1
sp|Q8N2Z9|CENPS_HUMAN,MEEEAETEEQQRFSYQQRLKAAVHYTVGCLCEEVALDKEMQFSKQTIAAISELTFRQCENFAKDLEMFARHAKRTTINTEDVKLLARRSNSLLKYITDKSEEIAQINLERKAQKKKKSEDGSKNSRQPAEAGVVESEN,1
sp|Q8N726|ARF_HUMAN,MVRRFLVTLRIRRACGPPRVRVFVVHIPRLTGEWAAPGAPAAVALVLMLLRSQRLGQQPLPRRPGHDDGQRPSGGAAAAPRRGAQLRRPRHSHPTRARRCPGGLPGHAGGAAPGRGAAGRARCLGPSARGPG,1
sp|Q8NHV9|RHXF1_HUMAN,MARSLVHDTVFYCLSVYQVKISPTPQLGAASSAEGHVGQGAPGLMGNMNPEGGVNHENGMNRDGGMIPEGGGGNQEPRQQPQPPPEEPAQAAMEGPQPENMQPRTRRTKFTLLQVEELESVFRHTQYPDVPTRRELAENLGVTEDKVRVWFKNKRARCRRHQRELMLANELRADPDDCVYIVVD,1
sp|Q8WVJ9|TWST2_HUMAN,MEEGSSSPVSPVDSLGTSEEELERQPKRFGRKRRYSKKSSEDGSPTPGKRGKKGSPSAQSFEELQSQRILANVRERQRTQSLNEAFAALRKIIPTLPSDKLSKIQTLKLAARYIDFLYQVLQSDEMDNKMTSCSYVAHERLSYAFSVWRMEGAWSMSASH,1
sp|Q8WWY6|MB3L1_HUMAN,MAKSSQRKQRDCVNQCKSKPGLSTSIPLRMSSYTFKRPVTRITPHPGNEVRYHQWEESLEKPQQVCWQRRLQGLQAYSSAGELSSTLDLANTLQKLVPSYTGGSLLEDLASGLEHSCPMPHLACSSDAVEIIPAEGVGISQLLCKQFLVTEEDIRKQEGKVKTVRERLAIALIADGLANEAEKVRDQEGRPEKR,1
sp|Q8WYK2|JDP2_HUMAN,MMPGQIPDPSVTTGSLPGLGPLTGLPSSALTVEELKYADIRNLGAMIAPLHFLEVKLGKRPQPVKSELDEEEERRKRRREKNKVAAARCRNKKKERTEFLQRESERLELMNAELKTQIEELKQERQQLILMLNRHRPTCIVRTDSVKTPESEGNPLLEQLEKK,1
sp|Q93077|H2A1C_HUMAN,MSGRGKQGGKARAKAKSRSSRAGLQFPVGRVHRLLRKGNYAERVGAGAPVYLAAVLEYLTAEILELAGNAARDNKKTRIIPRHLQLAIRNDEELNKLLGRVTIAQGGVLPNIQAVLLPKKTESHHKAKGK,1
sp|Q93079|H2B1H_HUMAN,MPDPAKSAPAPKKGSKKAVTKAQKKDGKKRKRSRKESYSVYVYKVLKQVHPDTGISSKAMGIMNSFVNDIFERIAGEASRLAHYNKRSTITSREIQTAVRLLLPGELAKHAVSEGTKAVTKYTSSK,1
sp|Q96A08|H2B1A_HUMAN,MPEVSSKGATISKKGFKKAVVKTQKKEGKKRKRTRKESYSIYIYKVLKQVHPDTGISSKAMSIMNSFVTDIFERIASEASRLAHYSKRSTISSREIQTAVRLLLPGELAKHAVSEGTKAVTKYTSSK,1
sp|Q96B42|TMM18_HUMAN,MPSAFSVSSFPVSIPAVLTQTDWTEPWLMGLATFHALCVLLTCLSSRSYRLQIGHFLCLVILVYCAEYINEAAAMNWRLFSKYQYFDSRGMFISIVFSAPLLVNAMIIVVMWVWKTLNVMTDLKNAQERRKEKKRRRKED,1
sp|Q96E14|RMI2_HUMAN,MAAAADSFSGGPAGVRLPRSPPLKVLAEQLRRDAEGGPGAWRLSRAAAGRGPLDLAAVWMQGRVVMADRGEARLRDPSGDFSVRGLERVPRGRPCLVPGKYVMVMGVVQACSPEPCLQAVKMTDLSDNPIHESMWELEVEDLHRNIP,1
sp|Q96IS3|RAX2_HUMAN,MFLSPGEGPATEGGGLGPGEEAPKKKHRRNRTTFTTYQLHQLERAFEASHYPDVYSREELAAKVHLPEVRVQVWFQNRRAKWRRQERLESGSGAVAAPRLPEAPALPFARPPAMSLPLEPWLGPGPPAVPGLPRLLGPGPGLQASFGPHAFAPTFADGFALEEASLRLLAKEHAQALDRAWPPA,1
sp|Q96KK5|H2A1H_HUMAN,MSGRGKQGGKARAKAKTRSSRAGLQFPVGRVHRLLRKGNYAERVGAGAPVYLAAVLEYLTAEILELAGNAARDNKKTRIIPRHLQLAIRNDEELNKLLGKVTIAQGGVLPNIQAVLLPKKTESHHKAK,1
sp|Q96NC0|ZMAT2_HUMAN,MASGSGTKNLDFRRKWDKDEYEKLAEKRLTEEREKKDGKPVQPVKRELLRHRDYKVDLESKLGKTIVITKTTPQSEMGGYYCNVCDCVVKDSINFLDHINGKKHQRNLGMSMRVERSTLDQVKKRFEVNKKKMEEKQKDYDFEERMKELREEEEKAKAYKKEKQKEKKRRAEEDLTFEEDDEMAAVMGFSGFGSTKKSY,1
sp|Q96Q77|CIB3_HUMAN,MGNKQTVFTHEQLEAYQDCTFFTRKEIMRLFYRYQDLAPQLVPLDYTTCPDVKVPYELIGSMPELKDNPFRQRIAQVFSEDGDGHMTLDNFLDMFSVMSEMAPRDLKAYYAFKIYDFNNDDYICAWDLEQTVTKLTRGGLSAEEVSLVCEKVLDEADGDHDGRLSLEDFQNMILRAPDFLSTFHIRI,1
sp|Q96QV6|H2A1A_HUMAN,MSGRGKQGGKARAKSKSRSSRAGLQFPVGRIHRLLRKGNYAERIGAGAPVYLAAVLEYLTAEILELAGNASRDNKKTRIIPRHLQLAIRNDEELNKLLGGVTIAQGGVLPNIQAVLLPKKTESHHHKAQSK,1
sp|Q96RJ3|TR13C_HUMAN,MRRGPRSLRGRDAPAPTPCVPAECFDLLVRHCVACGLLRTPRPKPAGASSPAPRTALQPQESVGAGAGEAALPLPGLLFGAPALLGLALVLALVLVGLVSWRRRQRRLRGASSAEAPDGDKDAPEPLDKVIILSPGISDATAPAWPPPGEDPGTTPPGHSVPVPATELGSTELVTTKTAGPEQQ,1
sp|Q96RJ6|FER3L_HUMAN,MAAYPESCVDTTVLDFVADLSLASPRRPLLCDFAPGVSLGDPALALREGRPRRMARFEEGDPEEEECEVDQGDGEEEEEEERGRGVSLLGRPKRKRVITYAQRQAANIRERKRMFNLNEAFDQLRRKVPTFAYEKRLSRIETLRLAIVYISFMTELLESCEKKESG,1
sp|Q99417|MYCBP_HUMAN,MAHYKAADSKREQFRRYLEKSGVLDTLTKVLVALYEEPEKPNSALDFLKHHLGAATPENPEIELLRLELAEMKEKYEAIVEENKKLKAKLAQYEPPQEEKRAE,1
sp|Q99732|LITAF_HUMAN,MSVPGPYQAATGPSSAPSAPPSYEETVAVNSYYPTPPAPMPGPTTGLVTGPDGKGMNPPSYYTQPAPIPNNNPITVQTVYVQHPITFLDRPIQMCCPSCNKMIVSQLSYNAGALTWLSCGSLCLLGCIAGCCFIPFCVDALQDVDHYCPNCRALLGTYKRL,1
sp|Q99828|CIB1_HUMAN,MGGSGSRLSKELLAEYQDLTFLTKQEILLAHRRFCELLPQEQRSVESSLRAQVPFEQILSLPELKANPFKERICRVFSTSPAKDSLSFEDFLDLLSVFSDTATPDIKSHYAFRIFDFDDDGTLNREDLSRLVNCLTGEGEDTRLSASEMKQLIDNILEESDIDRDGTINLSEFQHVISRSPDFASSFKIVL,1
sp|Q99877|H2B1N_HUMAN,MPEPSKSAPAPKKGSKKAVTKAQKKDGKKRKRSRKESYSVYVYKVLKQVHPDTGISSKAMGIMNSFVNDIFERIAGEASRLAHYNKRSTITSREIQTAVRLLLPGELAKHAVSEGTKAVTKYTSSK,1
sp|Q99878|H2A1J_HUMAN,MSGRGKQGGKARAKAKTRSSRAGLQFPVGRVHRLLRKGNYAERVGAGAPVYLAAVLEYLTAEILELAGNAARDNKKTRIIPRHLQLAIRNDEELNKLLGKVTIAQGGVLPNIQAVLLPKKTESHHKTK,1
sp|Q99879|H2B1M_HUMAN,MPEPVKSAPVPKKGSKKAINKAQKKDGKKRKRSRKESYSVYVYKVLKQVHPDTGISSKAMGIMNSFVNDIFERIAGEASRLAHYNKRSTITSREIQTAVRLLLPGELAKHAVSEGTKAVTKYTSSK,1
sp|Q99880|H2B1L_HUMAN,MPELAKSAPAPKKGSKKAVTKAQKKDGKKRKRSRKESYSVYVYKVLKQVHPDTGISSKAMGIMNSFVNDIFERIASEASRLAHYNKRSTITSREIQTAVRLLLPGELAKHAVSEGTKAVTKYTSSK,1
sp|Q99929|ASCL2_HUMAN,MDGGTLPRSAPPAPPVPVGCAARRRPASPELLRCSRRRRPATAETGGGAAAVARRNERERNRVKLVNLGFQALRQHVPHGGASKKLSKVETLRSAVEYIRALQRLLAEHDAVRNALAGGLRPQAVRPSAPRGPPGTTPVAASPSRASSSPGRGGSSEPGSPRSAYSSDDSGCEGALSPAERELLDFSSWLGGY,1
sp|Q9BWK5|CYREN_HUMAN,METLQSETKTRVLPSWLTAQVATKNVAPMKAPKRMRMAAVPVAAARLPATRTVYCMNEAEIVDVALGILIESRKQEKACEQPALAGADNPEHSPPCSVSPHTSSGSSSEEEDSGKQALAPGLSPSQRPGGSSSACSRSPEEEEEEDVLKYVREIFFS,1
sp|Q9BX68|HINT2_HUMAN,MAAAVVLAAGLRAARRAVAATGVRGGQVRGAAGVTDGNEVAKAQQATPGGAAPTIFSRILDKSLPADILYEDQQCLVFRDVAPQAPVHFLVIPKKPIPRISQAEEEDQQLLGHLLLVAKQTAKAEGLGDGYRLVINDGKLGAQSVYHLHIHVLGGRQLQWPPG,1
sp|Q9BXY8|BEX2_HUMAN,MESKEERALNNLIVENVNQENDEKDEKEQVANKGEPLALPLNVSEYCVPRGNRRRFRVRQPILQYRWDIMHRLGEPQARMREENMERIGEEVRQLMEKLREKQLSHSLRAVSTDPPHHDHHDEFCLMP,1
sp|Q9H2H0|CXXC4_HUMAN,MHHRNDSQRLGKAGCPPEPSLQMANTNFLSTLSPEHCRPLAGECMNKLKCGAAEAEIMNLPERVGTFSAIPALGGISLPPGVIVMTALHSPAAASAAVTDSAFQIANLADCPQNHSSSSSSSSGGAGGANPAKKKRKRCGVCVPCKRLINCGVCSSCRNRKTGHQICKFRKCEELKKKPGTSLERTPVPSAEAFRWFF,1
sp|Q9HAJ7|SP30L_HUMAN,MNGFSTEEDSREGPPAAPAAAAPGYGQSCCLIEDGERCVRPAGNASFSKRVQKSISQKKLKLDIDKSVRHLYICDFHKNFIQSVRNKRKRKTSDDGGDSPEHDTDIPEVDLFQLQVNTLRRYKRHYKLQTRPGFNKAQLAETVSRHFRNIPVNEKETLAYFIYMVKSNKSRLDQKSEGGKQLE,1
sp|Q9HCU8|DPOD4_HUMAN,MGRKRLITDSYPVVKRREGPAGHSKGELAPELGEEPQPRDEEEAELELLRQFDLAWQYGPCTGITRLQRWCRAKQMGLEPPPEVWQVLKTHPGDPRFQCSLWHLYPL,1
sp|Q9NQ33|ASCL3_HUMAN,MMDNRGNSSLPDKLPIFPDSARLPLTRSFYLEPMVTFHVHPEAPVSSPYSEELPRLPFPSDSLILGNYSEPCPFSFPMPYPNYRGCEYSYGPAFTRKRNERERQRVKCVNEGYAQLRHHLPEEYLEKRLSKVETLRAAIKYINYLQSLLYPDKAETKNNPGKVSSMIATTSHHADPMFRIV,1
sp|Q9NR33|DPOE4_HUMAN,MAAAAAAGSGTPREEEGPAGEAAASQPQAPTSVPGARLSRLPLARVKALVKADPDVTLAGQEAIFILARAAELFVETIAKDAYCCAQQGKRKTLQRRDLDNAIEAVDEFAFLEGTLD,1
sp|Q9NR55|BATF3_HUMAN,MSQGLPAAGSVLQRSVAAPGNQPQPQPQQQSPEDDDRKVRRREKNRVAAQRSRKKQTQKADKLHEEYESLEQENTMLRREIGKLTEELKHLTEALKEHEKMCPLLLCPMNFVPVPPRPDPVAGCLPR,1
sp|Q9NRF9|DPOE3_HUMAN,MAERPEDLNLPNAVITRIIKEALPDGVNISKEARSAISRAASVFVLYATSCANNFAMKGKRKTLNASDVLSAMEEMEFQRFVTPLKEALEAYRREQKGKKEASEQKKKDKDKKTDSEEQDKSRDEDNDEDEERLEEEEQNEEEEVDN,1
sp|Q9NRG0|CHRC1_HUMAN,MADVVVGKDKGGEQRLISLPLSRIRVIMKSSPEVSSINQEALVLTAKATELFVQCLATYSYRHGSGKEKKVLTYSDLANTAQQSETFQFLADILPKKILASKYLKMLKEEKREEDEENDNDNESDHDEADS,1
sp|Q9NRR8|C42S1_HUMAN,MSEFWHKLGCCVVEKPQPKKKRRRIDRTMIGEPMNFVHLTHIGSGEMGAGDGLAMTGAVQEQMRSKGNRDRPWSNSRGL,1
sp|Q9NRY2|SOSSC_HUMAN,MAANSSGQGFQNKNRVAILAELDKEKRKLLMQNQSSTNHPGASIALSRPSLNKDFRDHAEQQHIAAQQKAALQHAHAHSSGYFITQDSAFGNLILPVLPRLDPE,1
sp|Q9NY56|OBP2A_HUMAN,MKTLFLGVTLGLAAALSFTLEEEDITGTWYVKAMVVDKDFPEDRRPRKVSPVKVTALGGGNLEATFTFMREDRCIQKKILMRKTEEPGKFSAYGGRKLIYLQELPGTDDYVFYCKDQRRGGLRYMGKLVGRNPNTNLEALEEFKKLVQHKGLSEEDIFMPLQTGSCVLEH,1
sp|Q9P0T4|ZN581_HUMAN,MLVLPSPCPQPLAFSSVETMEGPPRRTCRSPEPGPSSSIGSPQASSPPRPNHYLLIDTQGVPYTVLVDEESQREPGASGAPGQKKCYSCPVCSRVFEYMSYLQRHSITHSEVKPFECDICGKAFKRASHLARHHSIHLAGGGRPHGCPLCPRRFRDAGELAQHSRVHSGERPFQCPHCPRRFMEQNTLQKHTRWKHP,1
sp|Q9UBX0|HESX1_HUMAN,MSPSLQEGAQLGENKPSTCSFSIERILGLDQKKDCVPLMKPHRPWADTCSSSGKDGNLCLHVPNPPSGISFPSVVDHPMPEERASKYENYFSASERLSLKRELSWYRGRRPRTAFTQNQIEVLENVFRVNCYPGIDIREDLAQKLNLEEDRIQIWFQNRRAKLKRSHRESQFLMAKKNFNTNLLE,1
sp|Q9UFW8|CGBP1_HUMAN,MERFVVTAPPARNRSKTALYVTPLDRVTEFGGELHEDGGKLFCTSCNVVLNHVRKSAISDHLKSKTHTKRKAEFEEQNVRKKQRPLTASLQCNSTAQTEKVSVIQDFVKMCLEANIPLEKADHPAVRAFLSRHVKNGGSIPKSDQLRRAYLPDGYENENQLLNSQDC,1
sp|Q9UK33|ZN580_HUMAN,MLLLPPRPPHPRSSSPEAMDPPPPKAPPFPKAEGPSSTPSSAAGPRPPRLGRHLLIDANGVPYTYTVQLEEEPRGPPQREAPPGEPGPRKGYSCPECARVFASPLRLQSHRVSHSDLKPFTCGACGKAFKRSSHLSRHRATHRARAGPPHTCPLCPRRFQDAAELAQHVRLH,1
sp|Q9ULX9|MAFF_HUMAN,MSVDPLSSKALKIKRELSENTPHLSDEALMGLSVRELNRHLRGLSAEEVTRLKQRRRTLKNRGYAASCRVKRVCQKEELQKQKSELEREVDKLARENAAMRLELDALRGKCEALQGFARSVAAARGPATLVAPASVITIVKSTPGSGSGPAHGPDPAHGPASCS,1
sp|Q9UM19|HPCL4_HUMAN,MGKTNSKLAPEVLEDLVQNTEFSEQELKQWYKGFLKDCPSGILNLEEFQQLYIKFFPYGDASKFAQHAFRTFDKNGDGTIDFREFICALSVTSRGSFEQKLNWAFEMYDLDGDGRITRLEMLEIIEAIYKMVGTVIMMRMNQDGLTPQQRVDKIFKKMDQDKDDQITLEEFKEAAKSDPSIVLLLQCDMQK,1
sp|Q9Y237|PIN4_HUMAN,MPPKGKSGSGKAGKGGAASGSDSADKKAQGPKGGGNAVKVRHILCEKHGKIMEAMEKLKSGMRFNEVAAQYSEDKARQGGDLGWMTRGSMVGPFQEAAFALPVSGMDKPVFTDPPVKTKFGYHIIMVEGRK,1
sp|Q9Y2V2|CHSP1_HUMAN,MSSEPPPPPQPPTHQASVGLLDTPRSRERSPSPLRGNVVPSPLPTRRTRTFSATVRASQGPVYKGVCKCFCRSKGHGFITPADGGPDIFLHISDVEGEYVPVEGDEVTYKMCSIPPKNEKLQAVEVVITHLAPGTKHETWSGHVISS,1
sp|O00232|PSD12_HUMAN,MADGGSERADGRIVKMEVDYSATVDQRLPECAKLAKEGRLQEVIETLLSLEKQTRTASDMVSTSRILVAVVKMCYEAKEWDLLNENIMLLSKRRSQLKQAVAKMVQQCCTYVEEITDLPIKLRLIDTLRMVTEGKIYVEIERARLTKTLATIKEQNGDVKEAASILQELQVETYGSMEKKERVEFILEQMRLCLAVKDYIRTQIISKKINTKFFQEENTEKLKLKYYNLMIQLDQHEGSYLSICKHYRAIYDTPCIQAESEKWQQALKSVVLYVILAPFDNEQSDLVHRISGDKKLEEIPKYKDLLKLFTTMELMRWSTLVEDYGMELRKGSLESPATDVFGSTEEGEKRWKDLKNRVVEHNIRIMAKYYTRITMKRMAQLLDLSVDESEAFLSNLVVNKTIFAKVDRLAGIINFQRPKDPNNLLNDWSQKLNSLMSLVNKTTHLIAKEEMIHNLQ,0
sp|O00470|MEIS1_HUMAN,MAQRYDDLPHYGGMDGVGIPSTMYGDPHAARSMQPVHHLNHGPPLHSHQYPHTAHTNAMAPSMGSSVNDALKRDKDAIYGHPLFPLLALIFEKCELATCTPREPGVAGGDVCSSESFNEDIAVFAKQIRAEKPLFSSNPELDNLMIQAIQVLRFHLLELEKVHELCDNFCHRYISCLKGKMPIDLVIDDREGGSKSDSEDITRSANLTDQPSWNRDHDDTASTRSGGTPGPSSGGHTSHSGDNSSEQGDGLDNSVASPSTGDDDDPDKDKKRHKKRGIFPKVATNIMRAWLFQHLTHPYPSEEQKKQLAQDTGLTILQVNNWFINARRRIVQPMIDQSNRAVSQGTPYNPDGQPMGGFVMDGQQHMGIRAPGPMSGMGMNMGMEGQWHYM,0
sp|O15162|PLS1_HUMAN,MDKQNSQMNASHPETNLPVGYPPQYPPTAFQGPPGYSGYPGPQVSYPPPPAGHSGPGPAGFPVPNQPVYNQPVYNQPVGAAGVPWMPAPQPPLNCPPGLEYLSQIDQILIHQQIELLEVLTGFETNNKYEIKNSFGQRVYFAAEDTDCCTRNCCGPSRPFTLRIIDNMGQEVITLERPLRCSSCCCPCCLQEIEIQAPPGVPIGYVIQTWHPCLPKFTIQNEKREDVLKISGPCVVCSCCGDVDFEIKSLDEQCVVGKISKHWTGILREAFTDADNFGIQFPLDLDVKMKAVMIGACFLIDFMFFESTGSQEQKSGVW,0
sp|O15347|HMGB3_HUMAN,MAKGDPKKPKGKMSAYAFFVQTCREEHKKKNPEVPVNFAEFSKKCSERWKTMSGKEKSKFDEMAKADKVRYDREMKDYGPAKGGKKKKDPNAPKRPPSGFFLFCSEFRPKIKSTNPGISIGDVAKKLGEMWNNLNDSEKQPYITKAAKLKEKYEKDVADYKSKGKFDGAKGPAKVARKKVEEEDEEEEEEEEEEEEEEDE,0
sp|O43313|ATMIN_HUMAN,MAASEAAAAAGSAALAAGARAVPAATTGAAAAASGPWVPPGPRLRGSRPRPAGATQQPAVPAPPAGELIQPSVSELSRAVRTNILCTVRGCGKILPNSPALNMHLVKSHRLQDGIVNPTIRKDLKTGPKFYCCPIEGCPRGPERPFSQFSLVKQHFMKMHAEKKHKCSKCSNSYGTEWDLKRHAEDCGKTFRCTCGCPYASRTALQSHIYRTGHEIPAEHRDPPSKKRKMENCAQNQKLSNKTIESLNNQPIPRPDTQELEASEIKLEPSFEDSCGSNTDKQTLTTPPRYPQKLLLPKPKVALVKLPVMQFSVMPVFVPTADSSAQPVVLGVDQGSATGAVHLMPLSVGTLILGLDSEACSLKESLPLFKIANPIAGEPISTGVQVNFGKSPSNPLQELGNTCQKNSISSINVQTDLSYASQNFIPSAQWATADSSVSSCSQTDLSFDSQVSLPISVHTQTFLPSSKVTSSIAAQTDAFMDTCFQSGGVSRETQTSGIESPTDDHVQMDQAGMCGDIFESVHSSYNVATGNIISNSLVAETVTHSLLPQNEPKTLNQDIEKSAPIINFSAQNSMLPSQNMTDNQTQTIDLLSDLENILSSNLPAQTLDHRSLLSDTNPGPDTQLPSGPAQNPGIDFDIEEFFSASNIQTQTEESELSTMTTEPVLESLDIETQTDFLLADTSAQSYGCRGNSNFLGLEMFDTQTQTDLNFFLDSSPHLPLGSILKHSSFSVSTDSSDTETQTEGVSTAKNIPALESKVQLNSTETQTMSSGFETLGSLFFTSNETQTAMDDFLLADLAWNTMESQFSSVETQTSAEPHTVSNF,0
sp|O43462|MBTP2_HUMAN,MIPVSLVVVVVGGWTVVYLTDLVLKSSVYFKHSYEDWLENNGLSISPFHIRWQTAVFNRAFYSWGRRKARMLYQWFNFGMVFGVIAMFSSFFLLGKTLMQTLAQMMADSPSSYSSSSSSSSSSSSSSSSSSSSSSSLHNEQVLQVVVPGINLPVNQLTYFFTAVLISGVVHEIGHGIAAIREQVRFNGFGIFLFIIYPGAFVDLFTTHLQLISPVQQLRIFCAGIWHNFVLALLGILALVLLPVILLPFYYTGVGVLITEVAEDSPAIGPRGLFVGDLVTHLQDCPVTNVQDWNECLDTIAYEPQIGYCISASTLQQLSFPVRAYKRLDGSTECCNNHSLTDVCFSYRNNFNKRLHTCLPARKAVEATQVCRTNKDCKKSSSSSFCIIPSLETHTRLIKVKHPPQIDMLYVGHPLHLHYTVSITSFIPRFNFLSIDLPVVVETFVKYLISLSGALAIVNAVPCFALDGQWILNSFLDATLTSVIGDNDVKDLIGFFILLGGSVLLAANVTLGLWMVTAR,0
sp|O60565|GREM1_HUMAN,MSRTAYTVGALLLLLGTLLPAAEGKKKGSQGAIPPPDKAQHNDSEQTQSPQQPGSRNRGRGQGRGTAMPGEEVLESSQEALHVTERKYLKRDWCKTQPLKQTIHEEGCNSRTIINRFCYGQCNSFYIPRHIRKEEGSFQSCSFCKPKKFTTMMVTLNCPELQPPTKKKRVTRVKQCRCISIDLD,0
sp|O60870|KIN17_HUMAN,MGKSDFLTPKAIANRIKSKGLQKLRWYCQMCQKQCRDENGFKCHCMSESHQRQLLLASENPQQFMDYFSEEFRNDFLELLRRRFGTKRVHNNIVYNEYISHREHIHMNATQWETLTDFTKWLGREGLCKVDETPKGWYIQYIDRDPETIRRQLELEKKKKQDLDDEEKTAKFIEEQVRRGLEGKEQEVPTFTELSRENDEEKVTFNLSKGACSSSGATSSKSSTLGPSALKTIGSSASVKRKESSQSSTQSKEKKKKKSALDEIMEIEEEKKRTARTDYWLQPEIIVKIITKKLGEKYHKKKAIVKEVIDKYTAVVKMIDSGDKLKLDQTHLETVIPAPGKRILVLNGGYRGNEGTLESINEKTFSATIVIETGPLKGRRVEGIQYEDISKLA,0
sp|O60934|NBN_HUMAN,MWKLLPAAGPAGGEPYRLLTGVEYVVGRKNCAILIENDQSISRNHAVLTANFSVTNLSQTDEIPVLTLKDNSKYGTFVNEEKMQNGFSRTLKSGDGITFGVFGSKFRIEYEPLVACSSCLDVSGKTALNQAILQLGGFTVNNWTEECTHLVMVSVKVTIKTICALICGRPIVKPEYFTEFLKAVESKKQPPQIESFYPPLDEPSIGSKNVDLSGRQERKQIFKGKTFIFLNAKQHKKLSSAVVFGGGEARLITEENEEEHNFFLAPGTCVVDTGITNSQTLIPDCQKKWIQSIMDMLQRQGLRPIPEAEIGLAVIFMTTKNYCDPQGHPSTGLKTTTPGPSLSQGVSVDEKLMPSAPVNTTTYVADTESEQADTWDLSERPKEIKVSKMEQKFRMLSQDAPTVKESCKTSSNNNSMVSNTLAKMRIPNYQLSPTKLPSINKSKDRASQQQQTNSIRNYFQPSTKKRERDEENQEMSSCKSARIETSCSLLEQTQPATPSLWKNKEQHLSENEPVDTNSDNNLFTDTDLKSIVKNSASKSHAAEKLRSNKKREMDDVAIEDEVLEQLFKDTKPELEIDVKVQKQEEDVNVRKRPRMDIETNDTFSDEAVPESSKISQENEIGKKRELKEDSLWSAKEISNNDKLQDDSEMLPKKLLLTEFRSLVIKNSTSRNPSGINDDYGQLKNFKKFKKVTYPGAGKLPHIIGGSDLIAHHARKNTELEEWLRQEMEVQNQHAKEESLADDLFRYNPYLKRRR,0
sp|O75084|FZD7_HUMAN,MRDPGAAAPLSSLGLCALVLALLGALSAGAGAQPYHGEKGISVPDHGFCQPISIPLCTDIAYNQTILPNLLGHTNQEDAGLEVHQFYPLVKVQCSPELRFFLCSMYAPVCTVLDQAIPPCRSLCERARQGCEALMNKFGFQWPERLRCENFPVHGAGEICVGQNTSDGSGGPGGGPTAYPTAPYLPDLPFTALPPGASDGRGRPAFPFSCPRQLKVPPYLGYRFLGERDCGAPCEPGRANGLMYFKEEERRFARLWVGVWSVLCCASTLFTVLTYLVDMRRFSYPERPIIFLSGCYFMVAVAHVAGFLLEDRAVCVERFSDDGYRTVAQGTKKEGCTILFMVLYFFGMASSIWWVILSLTWFLAAGMKWGHEAIEANSQYFHLAAWAVPAVKTITILAMGQVDGDLLSGVCYVGLSSVDALRGFVLAPLFVYLFIGTSFLLAGFVSLFRIRTIMKHDGTKTEKLEKLMVRIGVFSVLYTVPATIVLACYFYEQAFREHWERTWLLQTCKSYAVPCPPGHFPPMSPDFTVFMIKYLMTMIVGITTGFWIWSGKTLQSWRRFYHRLSHSSKGETAV,0
sp|O75317|UBP12_HUMAN,MEILMTVSKFASICTMGANASALEKEIGPEQFPVNEHYFGLVNFGNTCYCNSVLQALYFCRPFREKVLAYKSQPRKKESLLTCLADLFHSIATQKKKVGVIPPKKFITRLRKENELFDNYMQQDAHEFLNYLLNTIADILQEERKQEKQNGRLPNGNIDNENNNSTPDPTWVHEIFQGTLTNETRCLTCETISSKDEDFLDLSVDVEQNTSITHCLRGFSNTETLCSEYKYYCEECRSKQEAHKRMKVKKLPMILALHLKRFKYMDQLHRYTKLSYRVVFPLELRLFNTSGDATNPDRMYDLVAVVVHCGSGPNRGHYIAIVKSHDFWLLFDDDIVEKIDAQAIEEFYGLTSDISKNSESGYILFYQSRD,0
sp|O75340|PDCD6_HUMAN,MAAYSYRPGPGAGPGPAAGAALPDQSFLWNVFQRVDKDRSGVISDTELQQALSNGTWTPFNPVTVRSIISMFDRENKAGVNFSEFTGVWKYITDWQNVFRTYDRDNSGMIDKNELKQALSGFGYRLSDQFHDILIRKFDRQGRGQIAFDDFIQGCIVLQRLTDIFRRYDTDQDGWIQVSYEQYLSMVFSIV,0
sp|O75531|BAF_HUMAN,MTTSQKHRDFVAEPMGEKPVGSLAGIGEVLGKKLEERGFDKAYVVLGQFLVLKKDEDLFREWLKDTCGANAKQSRDCFGCLREWCDAFL,0
sp|O75838|CIB2_HUMAN,MGNKQTIFTEEQLDNYQDCTFFNKKDILKLHSRFYELAPNLVPMDYRKSPIVHVPMSLIIQMPELRENPFKERIVAAFSEDGEGNLTFNDFVDMFSVLCESAPRELKANYAFKIYDFNTDNFICKEDLELTLARLTKSELDEEEVVLVCDKVIEEADLDGDGKLGFADFEDMIAKAPDFLSTFHIRI,0
sp|O94919|ENDD1_HUMAN,MGTARWLALGSLFALAGLLEGRLVGEEEAGFGECDKFFYAGTPPAGLAADSHVKICQRAEGAERFATLYSTRDRIPVYSAFRAPRPAPGGAEQRWLVEPQIDDPNSNLEEAINEAEAITSVNSLGSKQALNTDYLDSDYQRGQLYPFSLSSDVQVATFTLTNSAPMTQSFQERWYVNLHSLMDRALTPQCGSGEDLYILTGTVPSDYRVKDKVAVPEFVWLAACCAVPGGGWAMGFVKHTRDSDIIEDVMVKDLQKLLPFNPQLFQNNCGETEQDTEKMKKILEVVNQIQDEERMVQSQKSSSPLSSTRSKRSTLLPPEASEGSSSFLGKLMGFIATPFIKLFQLIYYLVVAILKNIVYFLWCVTKQVINGIESCLYRLGSATISYFMAIGEELVSIPWKVLKVVAKVIRALLRILCCLLKAICRVLSIPVRVLVDVATFPVYTMGAIPIVCKDIALGLGGTVSLLFDTAFGTLGGLFQVVFSVCKRIGYKVTFDNSGEL,0
sp|P01160|ANF_HUMAN,MSSFSTTTVSFLLLLAFQLLGQTRANPMYNAVSNADLMDFKNLLDHLEEKMPLEDEVVPPQVLSEPNEEAGAALSPLPEVPPWTGEVSPAQRDGGALGRGPWDSSDRSALLKSKLRALLTAPRSLRRSSCFGGRMDRIGAQSGLGCNSFRY,0
sp|P01344|IGF2_HUMAN,MGIPMGKSMLVLLTFLAFASCCIAAYRPSETLCGGELVDTLQFVCGDRGFYFSRPASRVSRRSRGIVEECCFRSCDLALLETYCATPAKSERDVSTPPTVLPDNFPRYPVGKFFQYDTWKQSTQRLRRGLPALLRARRGHVLAKELEAFREAKRHRPLIALPTQDPAHGGAPPEMASNRK,0
sp|P01579|IFNG_HUMAN,MKYTSYILAFQLCIVLGSLGCYCQDPYVKEAENLKKYFNAGHSDVADNGTLFLGILKNWKEESDRKIMQSQIVSFYFKLFKNFKDDQSIQKSVETIKEDMNVKFFNSNKKKRDDFEKLTNYSVTDLNVQRKAIHELIQVMAELSPAAKTGKRKRSQMLFRGRRASQ,0
sp|P01619|KV320_HUMAN,METPAQLLFLLLLWLPDTTGEIVLTQSPGTLSLSPGERATLSCRASQSVSSSYLAWYQQKPGQAPRLLIYGASSRATGIPDRFSGSGSGTDFTLTISRLEPEDFAVYYCQQYGSSP,0
sp|P02511|CRYAB_HUMAN,MDIAIHHPWIRRPFFPFHSPSRLFDQFFGEHLLESDLFPTSTSLSPFYLRPPSFLRAPSWFDTGLSEMRLEKDRFSVNLDVKHFSPEELKVKVLGDVIEVHGKHEERQDEHGFISREFHRKYRIPADVDPLTITSSLSSDGVLTVNGPRKQVSGPERTIPITREEKPAVTAAPKK,0
sp|P02766|TTHY_HUMAN,MASHRLLLLCLAGLVFVSEAGPTGTGESKCPLMVKVLDAVRGSPAINVAVHVFRKAADDTWEPFASGKTSESGELHGLTTEEEFVEGIYKVEIDTKSYWKALGISPFHEHAEVVFTANDSGPRRYTIAALLSPYSYSTTAVVTNPKE,0
sp|P05114|HMGN1_HUMAN,MPKRKVSSAEGAAKEEPKRRSARLSAKPPAKVEAKPKKAAAKDKSSDKKVQTKGKRGAKGKQAEVANQETKEDLPAENGETKTEESPASDEAGEKEAKSD,0
sp|P05161|ISG15_HUMAN,MGWDLTVKMLAGNEFQVSLSSSMSVSELKAQITQKIGVHAFQQRLAVHPSGVALQDRVPLASQGLGPGSTVLLVVDKCDEPLSILVRNNKGRSSTYEVRLTQTVAHLKQQVSGLEGVQDDLFWLTFEGKPLEDQLPLGEYGLKPLSTVFMNLRLRGGGTEPGGRS,0
sp|P05204|HMGN2_HUMAN,MPKRKAEGDAKGDKAKVKDEPQRRSARLSAKPAPPKPEPKPKKAPAKKGEKVPKGKKGKADAGKEGNNPAENGDAKTDQAQKAEGAGDAK,0
sp|P05230|FGF1_HUMAN,MAEGEITTFTALTEKFNLPPGNYKKPKLLYCSNGGHFLRILPDGTVDGTRDRSDQHIQLQLSAESVGEVYIKSTETGQYLAMDTDGLLYGSQTPNEECLFLERLEENHYNTYISKKHAEKNWFVGLKKNGSCKRGPRTHYGQKAILFLPLPVSSD,0
sp|P08069|IGF1R_HUMAN,MKSGSGGGSPTSLWGLLFLSAALSLWPTSGEICGPGIDIRNDYQQLKRLENCTVIEGYLHILLISKAEDYRSYRFPKLTVITEYLLLFRVAGLESLGDLFPNLTVIRGWKLFYNYALVIFEMTNLKDIGLYNLRNITRGAIRIEKNADLCYLSTVDWSLILDAVSNNYIVGNKPPKECGDLCPGTMEEKPMCEKTTINNEYNYRCWTTNRCQKMCPSTCGKRACTENNECCHPECLGSCSAPDNDTACVACRHYYYAGVCVPACPPNTYRFEGWRCVDRDFCANILSAESSDSEGFVIHDGECMQECPSGFIRNGSQSMYCIPCEGPCPKVCEEEKKTKTIDSVTSAQMLQGCTIFKGNLLINIRRGNNIASELENFMGLIEVVTGYVKIRHSHALVSLSFLKNLRLILGEEQLEGNYSFYVLDNQNLQQLWDWDHRNLTIKAGKMYFAFNPKLCVSEIYRMEEVTGTKGRQSKGDINTRNNGERASCESDVLHFTSTTTSKNRIIITWHRYRPPDYRDLISFTVYYKEAPFKNVTEYDGQDACGSNSWNMVDVDLPPNKDVEPGILLHGLKPWTQYAVYVKAVTLTMVENDHIRGAKSEILYIRTNASVPSIPLDVLSASNSSSQLIVKWNPPSLPNGNLSYYIVRWQRQPQDGYLYRHNYCSKDKIPIRKYADGTIDIEEVTENPKTEVCGGEKGPCCACPKTEAEKQAEKEEAEYRKVFENFLHNSIFVPRPERKRRDVMQVANTTMSSRSRNTTAADTYNITDPEELETEYPFFESRVDNKERTVISNLRPFTLYRIDIHSCNHEAEKLGCSASNFVFARTMPAEGADDIPGPVTWEPRPENSIFLKWPEPENPNGLILMYEIKYGSQVEDQRECVSRQEYRKYGGAKLNRLNPGNYTARIQATSLSGNGSWTDPVFFYVQAKTGYENFIHLIIALPVAVLLIVGGLVIMLYVFHRKRNNSRLGNGVLYASVNPEYFSAADVYVPDEWEVAREKITMSRELGQGSFGMVYEGVAKGVVKDEPETRVAIKTVNEAASMRERIEFLNEASVMKEFNCHHVVRLLGVVSQGQPTLVIMELMTRGDLKSYLRSLRPEMENNPVLAPPSLSKMIQMAGEIADGMAYLNANKFVHRDLAARNCMVAEDFTVKIGDFGMTRDIYETDYYRKGGKGLLPVRWMSPESLKDGVFTTYSDVWSFGVVLWEIATLAEQPYQGLSNEQVLRFVMEGGLLDKPDNCPDMLFELMRMCWQYNPKMRPSFLEIISSIKEEMEPGFREVSFYYSEENKLPEPEELDLEPENMESVPLDPSASSSSLPLPDRHSGHKAENGPGPGVLVLRASFDERQPYAHMNGGRKNERALPLPQSSTC,0
sp|P08118|MSMB_HUMAN,MNVLLGSVVIFATFVTLCNASCYFIPNEGVPGDSTRKCMDLKGNKHPINSEWQTDNCETCTCYETEISCCTLVSTPVGYDKDNCQRIFKKEDCKYIVVEKKDPKKTCSVSEWII,0
sp|P09874|PARP1_HUMAN,MAESSDKLYRVEYAKSGRASCKKCSESIPKDSLRMAIMVQSPMFDGKVPHWYHFSCFWKVGHSIRHPDVEVDGFSELRWDDQQKVKKTAEAGGVTGKGQDGIGSKAEKTLGDFAAEYAKSNRSTCKGCMEKIEKGQVRLSKKMVDPEKPQLGMIDRWYHPGCFVKNREELGFRPEYSASQLKGFSLLATEDKEALKKQLPGVKSEGKRKGDEVDGVDEVAKKKSKKEKDKDSKLEKALKAQNDLIWNIKDELKKVCSTNDLKELLIFNKQQVPSGESAILDRVADGMVFGALLPCEECSGQLVFKSDAYYCTGDVTAWTKCMVKTQTPNRKEWVTPKEFREISYLKKLKVKKQDRIFPPETSASVAATPPPSTASAPAAVNSSASADKPLSNMKILTLGKLSRNKDEVKAMIEKLGGKLTGTANKASLCISTKKEVEKMNKKMEEVKEANIRVVSEDFLQDVSASTKSLQELFLAHILSPWGAEVKAEPVEVVAPRGKSGAALSKKSKGQVKEEGINKSEKRMKLTLKGGAAVDPDSGLEHSAHVLEKGGKVFSATLGLVDIVKGTNSYYKLQLLEDDKENRYWIFRSWGRVGTVIGSNKLEQMPSKEDAIEHFMKLYEEKTGNAWHSKNFTKYPKKFYPLEIDYGQDEEAVKKLTVNPGTKSKLPKPVQDLIKMIFDVESMKKAMVEYEIDLQKMPLGKLSKRQIQAAYSILSEVQQAVSQGSSDSQILDLSNRFYTLIPHDFGMKKPPLLNNADSVQAKVEMLDNLLDIEVAYSLLRGGSDDSSKDPIDVNYEKLKTDIKVVDRDSEEAEIIRKYVKNTHATTHNAYDLEVIDIFKIEREGECQRYKPFKQLHNRRLLWHGSRTTNFAGILSQGLRIAPPEAPVTGYMFGKGIYFADMVSKSANYCHTSQGDPIGLILLGEVALGNMYELKHASHISKLPKGKHSVKGLGKTTPDPSANISLDGVDVPLGTGISSGVNDTSLLYNEYIVYDIAQVNLKYLLKLKFNFKTSLW,0
sp|P0DPB6|RPAC2_HUMAN,MEEDQELERKISGLKTSMAEGERKTALEMVQAAGTDRHCVTFVLHEEDHTLGNSLRYMIMKNPEVEFCGYTTTHPSESKINLRIQTRGTLPAVEPFQRGLNELMNVCQHVLDKFEASIKDYKDQKASRNESTF,0
sp|P10114|RAP2A_HUMAN,MREYKVVVLGSGGVGKSALTVQFVTGTFIEKYDPTIEDFYRKEIEVDSSPSVLEILDTAGTEQFASMRDLYIKNGQGFILVYSLVNQQSFQDIKPMRDQIIRVKRYEKVPVILVGNKVDLESEREVSSSEGRALAEEWGCPFMETSAKSKTMVDELFAEIVRQMNYAAQPDKDDPCCSACNIQ,0
sp|P10599|THIO_HUMAN,MVKQIESKTAFQEALDAAGDKLVVVDFSATWCGPCKMIKPFFHSLSEKYSNVIFLEVDVDDCQDVASECEVKCMPTFQFFKKGQKVGEFSGANKEKLEATINELV,0
sp|P12956|XRCC6_HUMAN,MSGWESYYKTEGDEEAEEEQEENLEASGDYKYSGRDSLIFLVDASKAMFESQSEDELTPFDMSIQCIQSVYISKIISSDRDLLAVVFYGTEKDKNSVNFKNIYVLQELDNPGAKRILELDQFKGQQGQKRFQDMMGHGSDYSLSEVLWVCANLFSDVQFKMSHKRIMLFTNEDNPHGNDSAKASRARTKAGDLRDTGIFLDLMHLKKPGGFDISLFYRDIISIAEDEDLRVHFEESSKLEDLLRKVRAKETRKRALSRLKLKLNKDIVISVGIYNLVQKALKPPPIKLYRETNEPVKTKTRTFNTSTGGLLLPSDTKRSQIYGSRQIILEKEETEELKRFDDPGLMLMGFKPLVLLKKHHYLRPSLFVYPEESLVIGSSTLFSALLIKCLEKEVAALCRYTPRRNIPPYFVALVPQEEELDDQKIQVTPPGFQLVFLPFADDKRKMPFTEKIMATPEQVGKMKAIVEKLRFTYRSDSFENPVLQQHFRNLEALALDLMEPEQAVDLTLPKVEAMNKRLGSLVDEFKELVYPPDYNPEGKVTKRKHDNEGSGSKRPKVEYSEEELKTHISKGTLGKFTVPMLKEACRAYGLKSGLKKQELLEALTKHFQD,0
sp|P13010|XRCC5_HUMAN,MVRSGNKAAVVLCMDVGFTMSNSIPGIESPFEQAKKVITMFVQRQVFAENKDEIALVLFGTDGTDNPLSGGDQYQNITVHRHLMLPDFDLLEDIESKIQPGSQQADFLDALIVSMDVIQHETIGKKFEKRHIEIFTDLSSRFSKSQLDIIIHSLKKCDISLQFFLPFSLGKEDGSGDRGDGPFRLGGHGPSFPLKGITEQQKEGLEIVKMVMISLEGEDGLDEIYSFSESLRKLCVFKKIERHSIHWPCRLTIGSNLSIRIAAYKSILQERVKKTWTVVDAKTLKKEDIQKETVYCLNDDDETEVLKEDIIQGFRYGSDIVPFSKVDEEQMKYKSEGKCFSVLGFCKSSQVQRRFFMGNQVLKVFAARDDEAAAVALSSLIHALDDLDMVAIVRYAYDKRANPQVGVAFPHIKHNYECLVYVQLPFMEDLRQYMFSSLKNSKKYAPTEAQLNAVDALIDSMSLAKKDEKTDTLEDLFPTTKIPNPRFQRLFQCLLHRALHPREPLPPIQQHIWNMLNPPAEVTTKSQIPLSKIKTLFPLIEAKKKDQVTAQEIFQDNHEDGPTAKKLKTEQGGAHFSVSSLAEGSVTSVGSVNPAENFRVLVKQKKASFEEASNQLINHIEQFLDTNETPYFMKSIDCIRAFREEAIKFSEEQRFNNFLKALQEKVEIKQLNHFWEIVVQDGITLITKEEASGSSVTAEEAKKFLAPKDKPSGDTAAVFEEGGDVDDLLDMI,0
sp|P14174|MIF_HUMAN,MPMFIVNTNVPRASVPDGFLSELTQQLAQATGKPPQYIAVHVVPDQLMAFGGSSEPCALCSLHSIGKIGGAQNRSYSKLLCGLLAERLRISPDRVYINYYDMNAANVGWNNSTFA,0
sp|P15153|RAC2_HUMAN,MQAIKCVVVGDGAVGKTCLLISYTTNAFPGEYIPTVFDNYSANVMVDSKPVNLGLWDTAGQEDYDRLRPLSYPQTDVFLICFSLVSPASYENVRAKWFPEVRHHCPSTPIILVGTKLDLRDDKDTIEKLKEKKLAPITYPQGLALAKEIDSVKYLECSALTQRGLKTVFDEAIRAVLCPQPTRQQKRACSLL,0
sp|P15923|TFE2_HUMAN,MNQPQRMAPVGTDKELSDLLDFSMMFPLPVTNGKGRPASLAGAQFGGSGLEDRPSSGSWGSGDQSSSSFDPSRTFSEGTHFTESHSSLSSSTFLGPGLGGKSGERGAYASFGRDAGVGGLTQAGFLSGELALNSPGPLSPSGMKGTSQYYPSYSGSSRRRAADGSLDTQPKKVRKVPPGLPSSVYPPSSGEDYGRDATAYPSAKTPSSTYPAPFYVADGSLHPSAELWSPPGQAGFGPMLGGGSSPLPLPPGSGPVGSSGSSSTFGGLHQHERMGYQLHGAEVNGGLPSASSFSSAPGATYGGVSSHTPPVSGADSLLGSRGTTAGSSGDALGKALASIYSPDHSSNNFSSSPSTPVGSPQGLAGTSQWPRAGAPGALSPSYDGGLHGLQSKIEDHLDEAIHVLRSHAVGTAGDMHTLLPGHGALASGFTGPMSLGGRHAGLVGGSHPEDGLAGSTSLMHNHAALPSQPGTLPDLSRPPDSYSGLGRAGATAAASEIKREEKEDEENTSAADHSEEEKKELKAPRARTSPDEDEDDLLPPEQKAEREKERRVANNARERLRVRDINEAFKELGRMCQLHLNSEKPQTKLLILHQAVSVILNLEQQVRERNLNPKAACLKRREEEKVSGVVGDPQMVLSAPHPGLSEAHNPAGHM,0
sp|P16949|STMN1_HUMAN,MASSDIQVKELEKRASGQAFELILSPRSKESVPEFPLSPPKKKDLSLEEIQKKLEAAEERRKSHEAEVLKQLAEKREHEKEVLQKAIEENNNFSKMAEEKLTHKMEANKENREAQMAAKLERLREKDKHIEEVRKNKESKDPADETEAD,0
sp|P17947|SPI1_HUMAN,MLQACKMEGFPLVPPPSEDLVPYDTDLYQRQTHEYYPYLSSDGESHSDHYWDFHPHHVHSEFESFAENNFTELQSVQPPQLQQLYRHMELEQMHVLDTPMVPPHPSLGHQVSYLPRMCLQYPSLSPAQPSSDEEEGERQSPPLEVSDGEADGLEPGPGLLPGETGSKKKIRLYQFLLDLLRSGDMKDSIWWVDKDKGTFQFSSKHKEALAHRWGIQKGNRKKMTYQKMARALRNYGKTGEVKKVKKKLTYQFSGEVLGRGGLAERRHPPH,0
sp|P21741|MK_HUMAN,MQHRGFLLLTLLALLALTSAVAKKKDKVKKGGPGSECAEWAWGPCTPSSKDCGVGFREGTCGAQTQRIRCRVPCNWKKEFGADCKYKFENWGACDGGTGTKVRQGTLKKARYNAQCQETIRVTKPCTPKTKAKAKAKKGKGKD,0
sp|P22087|FBRL_HUMAN,MKPGFSPRGGGFGGRGGFGDRGGRGGRGGFGGGRGRGGGFRGRGRGGGGGGGGGGGGGRGGGGFHSGGNRGRGRGGKRGNQSGKNVMVEPHRHEGVFICRGKEDALVTKNLVPGESVYGEKRVSISEGDDKIEYRAWNPFRSKLAAAILGGVDQIHIKPGAKVLYLGAASGTTVSHVSDIVGPDGLVYAVEFSHRSGRDLINLAKKRTNIIPVIEDARHPHKYRMLIAMVDVIFADVAQPDQTRIVALNAHTFLRNGGHFVISIKANCIDSTASAEAVFASEVKKMQQENMKPQEQLTLEPYERDHAVVVGVYRPPPKVKN,0
sp|P22392|NDKB_HUMAN,MANLERTFIAIKPDGVQRGLVGEIIKRFEQKGFRLVAMKFLRASEEHLKQHYIDLKDRPFFPGLVKYMNSGPVVAMVWEGLNVVKTGRVMLGETNPADSKPGTIRGDFCIQVGRNIIHGSDSVKSAEKEISLWFKPEELVDYKSCAHDWVYE,0
sp|P26583|HMGB2_HUMAN,MGKGDPNKPRGKMSSYAFFVQTCREEHKKKHPDSSVNFAEFSKKCSERWKTMSAKEKSKFEDMAKSDKARYDREMKNYVPPKGDKKGKKKDPNAPKRPPSAFFLFCSEHRPKIKSEHPGLSIGDTAKKLGEMWSEQSAKDKQPYEQKAAKLKEKYEKDIAAYRAKGKSEAGKKGPGRPTGSKKKNEPEDEEEEEEEEDEDEEEEDEDEE,0
sp|P26651|TTP_HUMAN,MDLTAIYESLLSLSPDVPVPSDHGGTESSPGWGSSGPWSLSPSDSSPSGVTSRLPGRSTSLVEGRSCGWVPPPPGFAPLAPRLGPELSPSPTSPTATSTTPSRYKTELCRTFSESGRCRYGAKCQFAHGLGELRQANRHPKYKTELCHKFYLQGRCPYGSRCHFIHNPSEDLAAPGHPPVLRQSISFSGLPSGRRTSPPPPGLAGPSLSSSSFSPSSSPPPPGDLPLSPSAFSAAPGTPLARRDPTPVCCPSCRRATPISVWGPLGGLVRTPSVQSLGSDPDEYASSGSSLGGSDSPVFEAGVFAPPQPVAAPRRLPIFNRISVSE,0
sp|P31276|HXC13_HUMAN,MTTSLLLHPRWPESLMYVYEDSAAESGIGGGGGGGGGGTGGAGGGCSGASPGKAPSMDGLGSSCPASHCRDLLPHPVLGRPPAPLGAPQGAVYTDIPAPEAARQCAPPPAPPTSSSATLGYGYPFGGSYYGCRLSHNVNLQQKPCAYHPGDKYPEPSGALPGDDLSSRAKEFAFYPSFASSYQAMPGYLDVSVVPGISGHPEPRHDALIPVEGYQHWALSNGWDSQVYCSKEQSQSAHLWKSPFPDVVPLQPEVSSYRRGRKKRVPYTKVQLKELEKEYAASKFITKEKRRRISATTNLSERQVTIWFQNRRVKEKKVVSKSKAPHLHST,0
sp|P31941|ABC3A_HUMAN,MEASPASGPRHLMDPHIFTSNFNNGIGRHKTYLCYEVERLDNGTSVKMDQHRGFLHNQAKNLLCGFYGRHAELRFLDLVPSLQLDPAQIYRVTWFISWSPCFSWGCAGEVRAFLQENTHVRLRIFAARIYDYDPLYKEALQMLRDAGAQVSIMTYDEFKHCWDTFVDHQGCPFQPWDGLDEHSQALSGRLRAILQNQGN,0
sp|P32456|GBP2_HUMAN,MAPEINLPGPMSLIDNTKGQLVVNPEALKILSAITQPVVVVAIVGLYRTGKSYLMNKLAGKKNGFSLGSTVKSHTKGIWMWCVPHPKKPEHTLVLLDTEGLGDIEKGDNENDSWIFALAILLSSTFVYNSMGTINQQAMDQLHYVTELTDRIKANSSPGNNSVDDSADFVSFFPAFVWTLRDFTLELEVDGEPITADDYLELSLKLRKGTDKKSKSFNDPRLCIRKFFPKRKCFVFDWPAPKKYLAHLEQLKEEELNPDFIEQVAEFCSYILSHSNVKTLSGGIPVNGPRLESLVLTYVNAISSGDLPCMENAVLALAQIENSAAVEKAIAHYEQQMGQKVQLPTETLQELLDLHRDSEREAIEVFMKNSFKDVDQMFQRKLGAQLEARRDDFCKQNSKASSDCCMALLQDIFGPLEEDVKQGTFSKPGGYRLFTQKLQELKNKYYQVPRKGIQAKEVLKKYLESKEDVADALLQTDQSLSEKEKAIEVERIKAESAEAAKKMLEEIQKKNEEMMEQKEKSYQEHVKQLTEKMERDRAQLMAEQEKTLALKLQEQERLLKEGFENESKRLQKDIWDIQMRSKSLEPICNIL,0
sp|P33681|CD80_HUMAN,MGHTRRQGTSPSKCPYLNFFQLLVLAGLSHFCSGVIHVTKEVKEVATLSCGHNVSVEELAQTRIYWQKEKKMVLTMMSGDMNIWPEYKNRTIFDITNNLSIVILALRPSDEGTYECVVLKYEKDAFKREHLAEVTLSVKADFPTPSISDFEIPTSNIRRIICSTSGGFPEPHLSWLENGEELNAINTTVSQDPETELYAVSSKLDFNMTTNHSFMCLIKYGHLRVNQTFNWNTTKQEHFPDNLLPSWAITLISVNGIFVICCLTYCFAPRCRERRRNERLRRESVRPV,0
sp|P35638|DDIT3_HUMAN,MAAESLPFSFGTLSSWELEAWYEDLQEVLSSDENGGTYVSPPGNEEEESKIFTTLDPASLAWLTEEEPEPAEVTSTSQSPHSPDSSQSSLAQEEEEEDQGRTRKRKQSGHSPARAGKQRMKEKEQENERKVAQLAEENERLKQEIERLTREVEATRRALIDRMVNLHQA,0
sp|P39019|RS19_HUMAN,MPGVTVKDVNQQEFVRALAAFLKKSGKLKVPEWVDTVKLAKHKELAPYDENWFYTRAASTARHLYLRGGAGVGSMTKIYGGRQRNGVMPSHFSRGSKSVARRVLQALEGLKMVEKDQDGGRKLTPQGQRDLDRIAGQVAAANKKH,0
sp|P39880|CUX1_HUMAN,MLCVAGARLKRELDATATVLANRQDESEQSRKRLIEQSREFKKNTPEDLRKQVAPLLKSFQGEIDALSKRSKEAEAAFLNVYKRLIDVPDPVPALDLGQQLQLKVQRLHDIETENQKLRETLEEYNKEFAEVKNQEVTIKALKEKIREYEQTLKNQAETIALEKEQKLQNDFAEKERKLQETQMSTTSKLEEAEHKVQSLQTALEKTRTELFDLKTKYDEETTAKADEIEMIMTDLERANQRAEVAQREAETLREQLSSANHSLQLASQIQKAPDVEQAIEVLTRSSLEVELAAKEREIAQLVEDVQRLQASLTKLRENSASQISQLEQQLSAKNSTLKQLEEKLKGQADYEEVKKELNILKSMEFAPSEGAGTQDAAKPLEVLLLEKNRSLQSENAALRISNSDLSGSARRKGKDQPESRRPGSLPAPPPSQLPRNPGEQASNTNGTHQFSPAGLSQDFFSSSLASPSLPLASTGKFALNSLLQRQLMQSFYSKAMQEAGSTSMIFSTGPYSTNSISSQSPLQQSPDVNGMAPSPSQSESAGSVSEGEEMDTAEIARQVKEQLIKHNIGQRIFGHYVLGLSQGSVSEILARPKPWNKLTVRGKEPFHKMKQFLSDEQNILALRSIQGRQRENPGQSLNRLFQEVPKRRNGSEGNITTRIRASETGSDEAIKSILEQAKRELQVQKTAEPAQPSSASGSGNSDDAIRSILQQARREMEAQQAALDPALKQAPLSQSDITILTPKLLSTSPMPTVSSYPPLAISLKKPSAAPEAGASALPNPPALKKEAQDAPGLDPQGAADCAQGVLRQVKNEVGRSGAWKDHWWSAVQPERRNAASSEEAKAEETGGGKEKGSGGSGGGSQPRAERSQLQGPSSSEYWKEWPSAESPYSQSSELSLTGASRSETPQNSPLPSSPIVPMSKPTKPSVPPLTPEQYEVYMYQEVDTIELTRQVKEKLAKNGICQRIFGEKVLGLSQGSVSDMLSRPKPWSKLTQKGREPFIRMQLWLNGELGQGVLPVQGQQQGPVLHSVTSLQDPLQQGCVSSESTPKTSASCSPAPESPMSSSESVKSLTELVQQPCPPIEASKDSKPPEPSDPPASDSQPTTPLPLSGHSALSIQELVAMSPELDTYGITKRVKEVLTDNNLGQRLFGETILGLTQGSVSDLLARPKPWHKLSLKGREPFVRMQLWLNDPNNVEKLMDMKRMEKKAYMKRRHSSVSDSQPCEPPSVGTEYSQGASPQPQHQLKKPRVVLAPEEKEALKRAYQQKPYPSPKTIEDLATQLNLKTSTVINWFHNYRSRIRRELFIEEIQAGSQGQAGASDSPSARSGRAAPSSEGDSCDGVEATEGPGSADTEEPKSQGEAEREEVPRPAEQTEPPPSGTPGPDDARDDDHEGGPVEGPGPLPSPASATATAAPAAPEDAATSAAAAPGEGPAAPSSAPPPSNSSSSSAPRRPSSLQSLFGLPEAAGARDSRDNPLRKKKAANLNSIIHRLEKAASREEPIEWEF,0
sp|P40305|IFI27_HUMAN,MEASALTSSAVTSVAKVVRVASGSAVVLPLARIATVVIGGVVAMAAVPMVLSAMGFTAAGIASSSIAAKMMSAAAIANGGGVASGSLVATLQSLGATGLSGLTKFILGSIGSAIAAVIARFY,0
sp|P42081|CD86_HUMAN,MDPQCTMGLSNILFVMAFLLSGAAPLKIQAYFNETADLPCQFANSQNQSLSELVVFWQDQENLVLNEVYLGKEKFDSVHSKYMGRTSFDSDSWTLRLHNLQIKDKGLYQCIIHHKKPTGMIRIHQMNSELSVLANFSQPEIVPISNITENVYINLTCSSIHGYPEPKKMSVLLRTKNSTIEYDGVMQKSQDNVTELYDVSISLSVSFPDVTSNMTIFCILETDKTRLLSSPFSIELEDPQPPPDHIPWITAVLPTVIICVMVFCLILWKWKKKKRPRNSYKCGTNTMEREESEQTKKREKIHIPERSDEAQRVFKSSKTSSCDKSDTCF,0
sp|P42224|STAT1_HUMAN,MSQWYELQQLDSKFLEQVHQLYDDSFPMEIRQYLAQWLEKQDWEHAANDVSFATIRFHDLLSQLDDQYSRFSLENNFLLQHNIRKSKRNLQDNFQEDPIQMSMIIYSCLKEERKILENAQRFNQAQSGNIQSTVMLDKQKELDSKVRNVKDKVMCIEHEIKSLEDLQDEYDFKCKTLQNREHETNGVAKSDQKQEQLLLKKMYLMLDNKRKEVVHKIIELLNVTELTQNALINDELVEWKRRQQSACIGGPPNACLDQLQNWFTIVAESLQQVRQQLKKLEELEQKYTYEHDPITKNKQVLWDRTFSLFQQLIQSSFVVERQPCMPTHPQRPLVLKTGVQFTVKLRLLVKLQELNYNLKVKVLFDKDVNERNTVKGFRKFNILGTHTKVMNMEESTNGSLAAEFRHLQLKEQKNAGTRTNEGPLIVTEELHSLSFETQLCQPGLVIDLETTSLPVVVISNVSQLPSGWASILWYNMLVAEPRNLSFFLTPPCARWAQLSEVLSWQFSSVTKRGLNVDQLNMLGEKLLGPNASPDGLIPWTRFCKENINDKNFPFWLWIESILELIKKHLLPLWNDGCIMGFISKERERALLKDQQPGTFLLRFSESSREGAITFTWVERSQNGGEPDFHAVEPYTKKELSAVTFPDIIRNYKVMAAENIPENPLKYLYPNIDKDHAFGKYYSRPKEAPEPMELDGPKGTGYIKTELISVSEVHPSRLQTTDNLLPMSPEEFDEVSRIVGSVEFDSMMNTV,0
sp|P42677|RS27_HUMAN,MPLAKDLLHPSPEEEKRKHKKKRLVQSPNSYFMDVKCPGCYKITTVFSHAQTVVLCVGCSTVLCQPTGGKARLTEGCSFRRKQH,0
sp|P42771|CDN2A_HUMAN,MEPAAGSSMEPSADWLATAAARGRVEEVRALLEAGALPNAPNSYGRRPIQVMMMGSARVAELLLLHGAEPNCADPATLTRPVHDAAREGFLDTLVVLHRAGARLDVRDAWGRLPVDLAEELGHRDVARYLRAAAGGTRGSNHARIDAAEGPSDIPD,0
sp|P46783|RS10_HUMAN,MLMPKKNRIAIYELLFKEGVMVAKKDVHMPKHPELADKNVPNLHVMKAMQSLKSRGYVKEQFAWRHFYWYLTNEGIQYLRDYLHLPPEIVPATLRRSRPETGRPRPKGLEGERPARLTRGEADRDTYRRSAVPPGADKKAEAGAGSATEFQFRGGFGRGRGQPPQ,0
sp|P48061|SDF1_HUMAN,MNAKVVVVLVLVLTALCLSDGKPVSLSYRCPCRFFESHVARANVKHLKILNTPNCALQIVARLKNNNRQVCIDPKLKWIQEYLEKALNKRFKM,0
sp|P48380|RFX3_HUMAN,MQTSETGSDTGSTVTLQTSVASQAAVPTQVVQQVPVQQQVQQVQTVQQVQHVYPAQVQYVEGSDTVYTNGAIRTTTYPYTETQMYSQNTGGNYFDTQGSSAQVTTVVSSHSMVGTGGIQMGVTGGQLISSSGGTYLIGNSMENSGHSVTHTTRASPATIEMAIETLQKSDGLSTHRSSLLNSHLQWLLDNYETAEGVSLPRSTLYNHYLRHCQEHKLDPVNAASFGKLIRSIFMGLRTRRLGTRGNSKYHYYGIRVKPDSPLNRLQEDMQYMAMRQQPMQQKQRYKPMQKVDGVADGFTGSGQQTGTSVEQTVIAQSQHHQQFLDASRALPEFGEVEISSLPDGTTFEDIKSLQSLYREHCEAILDVVVNLQFSLIEKLWQTFWRYSPSTPTDGTTITESSNLSEIESRLPKAKLITLCKHESILKWMCNCDHGMYQALVEILIPDVLRPIPSALTQAIRNFAKSLEGWLSNAMNNIPQRMIQTKVAAVSAFAQTLRRYTSLNHLAQAARAVLQNTSQINQMLSDLNRVDFANVQEQASWVCQCDDNMVQRLETDFKMTLQQQSTLEQWAAWLDNVMMQALKPYEGRPSFPKAARQFLLKWSFYSSMVIRDLTLRSAASFGSFHLIRLLYDEYMFYLVEHRVAQATGETPIAVMGEFGDLNAVSPGNLDKDEGSEVESEMDEELDDSSEPQAKREKTELSQAFPVGCMQPVLETGVQPSLLNPIHSEHIVTSTQTIRQCSATGNTYTAV,0
sp|P49736|MCM2_HUMAN,MAESSESFTMASSPAQRRRGNDPLTSSPGRSSRRTDALTSSPGRDLPPFEDESEGLLGTEGPLEEEEDGEELIGDGMERDYRAIPELDAYEAEGLALDDEDVEELTASQREAAERAMRQRDREAGRGLGRMRRGLLYDSDEEDEERPARKRRQVERATEDGEEDEEMIESIENLEDLKGHSVREWVSMAGPRLEIHHRFKNFLRTHVDSHGHNVFKERISDMCKENRESLVVNYEDLAAREHVLAYFLPEAPAELLQIFDEAALEVVLAMYPKYDRITNHIHVRISHLPLVEELRSLRQLHLNQLIRTSGVVTSCTGVLPQLSMVKYNCNKCNFVLGPFCQSQNQEVKPGSCPECQSAGPFEVNMEETIYQNYQRIRIQESPGKVAAGRLPRSKDAILLADLVDSCKPGDEIELTGIYHNNYDGSLNTANGFPVFATVILANHVAKKDNKVAVGELTDEDVKMITSLSKDQQIGEKIFASIAPSIYGHEDIKRGLALALFGGEPKNPGGKHKVRGDINVLLCGDPGTAKSQFLKYIEKVSSRAIFTTGQGASAVGLTAYVQRHPVSREWTLEAGALVLADRGVCLIDEFDKMNDQDRTSIHEAMEQQSISISKAGIVTSLQARCTVIAAANPIGGRYDPSLTFSENVDLTEPIISRFDILCVVRDTVDPVQDEMLARFVVGSHVRHHPSNKEEEGLANGSAAEPAMPNTYGVEPLPQEVLKKYIIYAKERVHPKLNQMDQDKVAKMYSDLRKESMATGSIPITVRHIESMIRMAEAHARIHLRDYVIEDDVNMAIRVMLESFIDTQKFSVMRSMRKTFARYLSFRRDNNELLLFILKQLVAEQVTYQRNRFGAQQDTIEVPEKDLVDKARQINIHNLSAFYDSELFRMNKFSHDLKRKMILQQF,0
sp|P49917|DNLI4_HUMAN,MAASQTSQTVASHVPFADLCSTLERIQKSKGRAEKIRHFREFLDSWRKFHDALHKNHKDVTDSFYPAMRLILPQLERERMAYGIKETMLAKLYIELLNLPRDGKDALKLLNYRTPTGTHGDAGDFAMIAYFVLKPRCLQKGSLTIQQVNDLLDSIASNNSAKRKDLIKKSLLQLITQSSALEQKWLIRMIIKDLKLGVSQQTIFSVFHNDAAELHNVTTDLEKVCRQLHDPSVGLSDISITLFSAFKPMLAAIADIEHIEKDMKHQSFYIETKLDGERMQMHKDGDVYKYFSRNGYNYTDQFGASPTEGSLTPFIHNAFKADIQICILDGEMMAYNPNTQTFMQKGTKFDIKRMVEDSDLQTCYCVFDVLMVNNKKLGHETLRKRYEILSSIFTPIPGRIEIVQKTQAHTKNEVIDALNEAIDKREEGIMVKQPLSIYKPDKRGEGWLKIKPEYVSGLMDELDILIVGGYWGKGSRGGMMSHFLCAVAEKPPPGEKPSVFHTLSRVGSGCTMKELYDLGLKLAKYWKPFHRKAPPSSILCGTEKPEVYIEPCNSVIVQIKAAEIVPSDMYKTGCTLRFPRIEKIRDDKEWHECMTLDDLEQLRGKASGKLASKHLYIGGDDEPQEKKRKAAPKMKKVIGIIEHLKAPNLTNVNKISNIFEDVEFCVMSGTDSQPKPDLENRIAEFGGYIVQNPGPDTYCVIAGSENIRVKNIILSNKHDVVKPAWLLECFKTKSFVPWQPRFMIHMCPSTKEHFAREYDCYGDSYFIDTDLNQLKEVFSGIKNSNEQTPEEMASLIADLEYRYSWDCSPLSMFRRHTVYLDSYAVINDLSTKNEGTRLAIKALELRFHGAKVVSCLAEGVSHVIIGEDHSRVADFKAFRRTFKRKFKILKESWVTDSIDKCELQEENQYLI,0
sp|P50570|DYN2_HUMAN,MGNRGMEELIPLVNKLQDAFSSIGQSCHLDLPQIAVVGGQSAGKSSVLENFVGRDFLPRGSGIVTRRPLILQLIFSKTEHAEFLHCKSKKFTDFDEVRQEIEAETDRVTGTNKGISPVPINLRVYSPHVLNLTLIDLPGITKVPVGDQPPDIEYQIKDMILQFISRESSLILAVTPANMDLANSDALKLAKEVDPQGLRTIGVITKLDLMDEGTDARDVLENKLLPLRRGYIGVVNRSQKDIEGKKDIRAALAAERKFFLSHPAYRHMADRMGTPHLQKTLNQQLTNHIRESLPALRSKLQSQLLSLEKEVEEYKNFRPDDPTRKTKALLQMVQQFGVDFEKRIEGSGDQVDTLELSGGARINRIFHERFPFELVKMEFDEKDLRREISYAIKNIHGVRTGLFTPDLAFEAIVKKQVVKLKEPCLKCVDLVIQELINTVRQCTSKLSSYPRLREETERIVTTYIREREGRTKDQILLLIDIEQSYINTNHEDFIGFANAQQRSTQLNKKRAIPNQGEILVIRRGWLTINNISLMKGGSKEYWFVLTAESLSWYKDEEEKEKKYMLPLDNLKIRDVEKGFMSNKHVFAIFNTEQRNVYKDLRQIELACDSQEDVDSWKASFLRAGVYPEKDQAENEDGAQENTFSMDPQLERQVETIRNLVDSYVAIINKSIRDLMPKTIMHLMINNTKAFIHHELLAYLYSSADQSSLMEESADQAQRRDDMLRMYHALKEALNIIGDISTSTVSTPVPPPVDDTWLQSASSHSPTPQRRPVSSIHPPGRPPAVRGPTPGPPLIPVPVGAAASFSAPPIPSRPGPQSVFANSDLFPAPPQIPSRPVRIPPGIPPGVPSRRPPAAPSRPTIIRPAEPSLLD,0
sp|P51606|RENBP_HUMAN,MSKGLPARQDMEKERETLQAWKERVGQELDRVVAFWMEHSHDQEHGGFFTCLGREGRVYDDLKYVWLQGRQVWMYCRLYRTFERFRHAQLLDAAKAGGEFLLRYARVAPPGKKCAFVLTRDGRPVKVQRTIFSECFYTMAMNELWRATGEVRYQTEAVEMMDQIVHWVQEDASGLGRPQLQGAPAAEPMAVPMMLLNLVEQLGEADEELAGKYAELGDWCARRILQHVQRDGQAVLENVSEGGKELPGCLGRQQNPGHTLEAGWFLLRHCIRKGDPELRAHVIDKFLLLPFHSGWDPDHGGLFYFQDADNFCPTQLEWAMKLWWPHSEAMIAFLMGYSDSGDPVLLRLFYQVAEYTFRQFRDPEYGEWFGYLSREGKVALSIKGGPFKGCFHVPRCLAMCEEMLGALLSRPAPAPSPAPTPACRGAE,0
sp|P51808|DYLT3_HUMAN,MEEYHRHCDEVGFNAEEAHNIVKECVDGVLGGEDYNHNNINQWTASIVEQSLTHLVKLGKAYKYIVTCAVVQKSAYGFHTASSCFWDTTSDGTCTVRWENRTMNCIVNVFAIAIVL,0
sp|P52294|IMA5_HUMAN,MTTPGKENFRLKSYKNKSLNPDEMRRRREEEGLQLRKQKREEQLFKRRNVATAEEETEEEVMSDGGFHEAQISNMEMAPGGVITSDMIEMIFSKSPEQQLSATQKFRKLLSKEPNPPIDEVISTPGVVARFVEFLKRKENCTLQFESAWVLTNIASGNSLQTRIVIQAGAVPIFIELLSSEFEDVQEQAVWALGNIAGDSTMCRDYVLDCNILPPLLQLFSKQNRLTMTRNAVWALSNLCRGKSPPPEFAKVSPCLNVLSWLLFVSDTDVLADACWALSYLSDGPNDKIQAVIDAGVCRRLVELLMHNDYKVVSPALRAVGNIVTGDDIQTQVILNCSALQSLLHLLSSPKESIKKEACWTISNITAGNRAQIQTVIDANIFPALISILQTAEFRTRKEAAWAITNATSGGSAEQIKYLVELGCIKPLCDLLTVMDSKIVQVALNGLENILRLGEQEAKRNGTGINPYCALIEEAYGLDKIEFLQSHENQEIYQKAFDLIEHYFGTEDEDSSIAPQVDLNQQQYIFQQCEAPMEGFQL,0
sp|P52434|RPAB3_HUMAN,MAGILFEDIFDVKDIDPEGKKFDRVSRLHCESESFKMDLILDVNIQIYPVDLGDKFRLVIASTLYEDGTLDDGEYNPTDDRPSRADQFEYVMYGKVYRIEGDETSTEAATRLSAYVSYGGLLMRLQGDANNLHGFEVDSRVYLLMKKLAF,0
sp|P55735|SEC13_HUMAN,MVSVINTVDTSHEDMIHDAQMDYYGTRLATCSSDRSVKIFDVRNGGQILIADLRGHEGPVWQVAWAHPMYGNILASCSYDRKVIIWREENGTWEKSHEHAGHDSSVNSVCWAPHDYGLILACGSSDGAISLLTYTGEGQWEVKKINNAHTIGCNAVSWAPAVVPGSLIDHPSGQKPNYIKRFASGGCDNLIKLWKEEEDGQWKEEQKLEAHSDWVRDVAWAPSIGLPTSTIASCSQDGRVFIWTCDDASSNTWSPKLLHKFNDVVWHVSWSITANILAVSGGDNKVTLWKESVDGQWVCISDVNKGQGSVSASVTEGQQNEQ,0
sp|P56524|HDAC4_HUMAN,MSSQSHPDGLSGRDQPVELLNPARVNHMPSTVDVATALPLQVAPSAVPMDLRLDHQFSLPVAEPALREQQLQQELLALKQKQQIQRQILIAEFQRQHEQLSRQHEAQLHEHIKQQQEMLAMKHQQELLEHQRKLERHRQEQELEKQHREQKLQQLKNKEKGKESAVASTEVKMKLQEFVLNKKKALAHRNLNHCISSDPRYWYGKTQHSSLDQSSPPQSGVSTSYNHPVLGMYDAKDDFPLRKTASEPNLKLRSRLKQKVAERRSSPLLRRKDGPVVTALKKRPLDVTDSACSSAPGSGPSSPNNSSGSVSAENGIAPAVPSIPAETSLAHRLVAREGSAAPLPLYTSPSLPNITLGLPATGPSAGTAGQQDAERLTLPALQQRLSLFPGTHLTPYLSTSPLERDGGAAHSPLLQHMVLLEQPPAQAPLVTGLGALPLHAQSLVGADRVSPSIHKLRQHRPLGRTQSAPLPQNAQALQHLVIQQQHQQFLEKHKQQFQQQQLQMNKIIPKPSEPARQPESHPEETEEELREHQALLDEPYLDRLPGQKEAHAQAGVQVKQEPIESDEEEAEPPREVEPGQRQPSEQELLFRQQALLLEQQRIHQLRNYQASMEAAGIPVSFGGHRPLSRAQSSPASATFPVSVQEPPTKPRFTTGLVYDTLMLKHQCTCGSSSSHPEHAGRIQSIWSRLQETGLRGKCECIRGRKATLEELQTVHSEAHTLLYGTNPLNRQKLDSKKLLGSLASVFVRLPCGGVGVDSDTIWNEVHSAGAARLAVGCVVELVFKVATGELKNGFAVVRPPGHHAEESTPMGFCYFNSVAVAAKLLQQRLSVSKILIVDWDVHHGNGTQQAFYSDPSVLYMSLHRYDDGNFFPGSGAPDEVGTGPGVGFNVNMAFTGGLDPPMGDAEYLAAFRTVVMPIASEFAPDVVLVSSGFDAVEGHPTPLGGYNLSARCFGYLTKQLMGLAGGRIVLALEGGHDLTAICDASEACVSALLGNELDPLPEKVLQQRPNANAVRSMEKVMEIHSKYWRCLQRTTSTAGRSLIEAQTCENEEAETVTAMASLSVGVKPAEKRPDEEPMEEEPPL,0
sp|P60520|GBRL2_HUMAN,MKWMFKEDHSLEHRCVESAKIRAKYPDRVPVIVEKVSGSQIVDIDKRKYLVPSDITVAQFMWIIRKRIQLPSEKAIFLFVDKTVPQSSLTMGQLYEKEKDEDGFLYVAYSGENTFGF,0
sp|P60896|SEM1_HUMAN,MSEKKQPVDLGLLEEDDEFEEFPAEDWAGLDEDEDAHVWEDNWDDDNVEDDFSNQLRAELEKHGYKMETS,0
sp|P61077|UB2D3_HUMAN,MALKRINKELSDLARDPPAQCSAGPVGDDMFHWQATIMGPNDSPYQGGVFFLTIHFPTDYPFKPPKVAFTTRIYHPNINSNGSICLDILRSQWSPALTISKVLLSICSLLCDPNPDDPLVPEIARIYKTDRDKYNRISREWTQKYAM,0
sp|P61088|UBE2N_HUMAN,MAGLPRRIIKETQRLLAEPVPGIKAEPDESNARYFHVVIAGPQDSPFEGGTFKLELFLPEEYPMAAPKVRFMTKIYHPNVDKLGRICLDILKDKWSPALQIRTVLLSIQALLSAPNPDDPLANDVAEQWKTNEAQAIETARAWTRLYAMNNI,0
sp|P61254|RL26_HUMAN,MKFNPFVTSDRSKNRKRHFNAPSHIRRKIMSSPLSKELRQKYNVRSMPIRKDDEVQVVRGHYKGQQIGKVVQVYRKKYVIYIERVQREKANGTTVHVGIHPSKVVITRLKLDKDRKKILERKAKSRQVGKEKGKYKEETIEKMQE,0
sp|P62487|RPB7_HUMAN,MFYHISLEHEILLHPRYFGPNLLNTVKQKLFTEVEGTCTGKYGFVIAVTTIDNIGAGVIQPGRGFVLYPVKYKAIVFRPFKGEVVDAVVTQVNKVGLFTEIGPMSCFISRHSIPSEMEFDPNSNPPCYKTMDEDIVIQQDDEIRLKIVGTRVDKNDIFAIGSLMDDYLGLVS,0
sp|P62805|H4_HUMAN,MSGRGKGGKGLGKGGAKRHRKVLRDNIQGITKPAIRRLARRGGVKRISGLIYEETRGVLKVFLENVIRDAVTYTEHAKRKTVTAMDVVYALKRQGRTLYGFGG,0
sp|P62979|RS27A_HUMAN,MQIFVKTLTGKTITLEVEPSDTIENVKAKIQDKEGIPPDQQRLIFAGKQLEDGRTLSDYNIQKESTLHLVLRLRGGAKKRKKKSYTTPKKNKHKRKKVKLAVLKYYKVDENGKISRLRRECPSDECGAGVFMASHFDRHYCGKCCLTYCFNKPEDK,0
sp|P62987|RL40_HUMAN,MQIFVKTLTGKTITLEVEPSDTIENVKAKIQDKEGIPPDQQRLIFAGKQLEDGRTLSDYNIQKESTLHLVLRLRGGIIEPSLRQLAQKYNCDKMICRKCYARLHPRAVNCRKKKCGHTNNLRPKKKVK,0
sp|P63000|RAC1_HUMAN,MQAIKCVVVGDGAVGKTCLLISYTTNAFPGEYIPTVFDNYSANVMVDGKPVNLGLWDTAGQEDYDRLRPLSYPQTDVFLICFSLVSPASFENVRAKWYPEVRHHCPNTPIILVGTKLDLRDDKDTIEKLKEKKLTPITYPQGLAMAKEIGAVKYLECSALTQRGLKTVFDEAIRAVLCPPPVKKRKRKCLLL,0
sp|P63165|SUMO1_HUMAN,MSDQEAKPSTEDLGDKKEGEYIKLKVIGQDSSEIHFKVKMTTHLKKLKESYCQRQGVPMNSLRFLFEGQRIADNHTPKELGMEEEDVIEVYQEQTGGHSTV,0
sp|P63167|DYL1_HUMAN,MCDRKAVIKNADMSEEMQQDSVECATQALEKYNIEKDIAAHIKKEFDKKYNPTWHCIVGRNFGSYVTHETKHFIYFYLGQVAILLFKSG,0
sp|P68431|H31_HUMAN,MARTKQTARKSTGGKAPRKQLATKAARKSAPATGGVKKPHRYRPGTVALREIRRYQKSTELLIRKLPFQRLVREIAQDFKTDLRFQSSAVMALQEACEAYLVGLFEDTNLCAIHAKRVTIMPKDIQLARRIRGERA,0
sp|P78415|IRX3_HUMAN,MSFPQLGYQYIRPLYPSERPGAAGGSGGSAGARGGLGAGASELNASGSLSNVLSSVYGAPYAAAAAAAAAQGYGAFLPYAAELPIFPQLGAQYELKDSPGVQHPAAAAAFPHPHPAFYPYGQYQFGDPSRPKNATRESTSTLKAWLNEHRKNPYPTKGEKIMLAIITKMTLTQVSTWFANARRRLKKENKMTWAPRSRTDEEGNAYGSEREEEDEEEDEEDGKRELELEEEELGGEEEDTGGEGLADDDEDEEIDLENLDGAATEPELSLAGAARRDGDLGLGPISDSKNSDSEDSSEGLEDRPLPVLSLAPAPPPVAVASPSLPSPPVSLDPCAPAPAPASALQKPKIWSLAETATSPDNPRRSPPGAGGSPPGAAVAPSALQLSPAAAAAAAHRLVSAPLGKFPAWTNRPFPGPPPGPRLHPLSLLGSAPPHLLGLPGAAGHPAAAAAFARPAEPEGGTDRCSALEVEKKLLKTAFQPVPRRPQNHLDAALVLSALSSS,0
sp|P78527|PRKDC_HUMAN,MAGSGAGVRCSLLRLQETLSAADRCGAALAGHQLIRGLGQECVLSSSPAVLALQTSLVFSRDFGLLVFVRKSLNSIEFRECREEILKFLCIFLEKMGQKIAPYSVEIKNTCTSVYTKDRAAKCKIPALDLLIKLLQTFRSSRLMDEFKIGELFSKFYGELALKKKIPDTVLEKVYELLGLLGEVHPSEMINNAENLFRAFLGELKTQMTSAVREPKLPVLAGCLKGLSSLLCNFTKSMEEDPQTSREIFNFVLKAIRPQIDLKRYAVPSAGLRLFALHASQFSTCLLDNYVSLFEVLLKWCAHTNVELKKAALSALESFLKQVSNMVAKNAEMHKNKLQYFMEQFYGIIRNVDSNNKELSIAIRGYGLFAGPCKVINAKDVDFMYVELIQRCKQMFLTQTDTGDDRVYQMPSFLQSVASVLLYLDTVPEVYTPVLEHLVVMQIDSFPQYSPKMQLVCCRAIVKVFLALAAKGPVLRNCISTVVHQGLIRICSKPVVLPKGPESESEDHRASGEVRTGKWKVPTYKDYVDLFRHLLSSDQMMDSILADEAFFSVNSSSESLNHLLYDEFVKSVLKIVEKLDLTLEIQTVGEQENGDEAPGVWMIPTSDPAANLHPAKPKDFSAFINLVEFCREILPEKQAEFFEPWVYSFSYELILQSTRLPLISGFYKLLSITVRNAKKIKYFEGVSPKSLKHSPEDPEKYSCFALFVKFGKEVAVKMKQYKDELLASCLTFLLSLPHNIIELDVRAYVPALQMAFKLGLSYTPLAEVGLNALEEWSIYIDRHVMQPYYKDILPCLDGYLKTSALSDETKNNWEVSALSRAAQKGFNKVVLKHLKKTKNLSSNEAISLEEIRIRVVQMLGSLGGQINKNLLTVTSSDEMMKSYVAWDREKRLSFAVPFREMKPVIFLDVFLPRVTELALTASDRQTKVAACELLHSMVMFMLGKATQMPEGGQGAPPMYQLYKRTFPVLLRLACDVDQVTRQLYEPLVMQLIHWFTNNKKFESQDTVALLEAILDGIVDPVDSTLRDFCGRCIREFLKWSIKQITPQQQEKSPVNTKSLFKRLYSLALHPNAFKRLGASLAFNNIYREFREEESLVEQFVFEALVIYMESLALAHADEKSLGTIQQCCDAIDHLCRIIEKKHVSLNKAKKRRLPRGFPPSASLCLLDLVKWLLAHCGRPQTECRHKSIELFYKFVPLLPGNRSPNLWLKDVLKEEGVSFLINTFEGGGCGQPSGILAQPTLLYLRGPFSLQATLCWLDLLLAALECYNTFIGERTVGALQVLGTEAQSSLLKAVAFFLESIAMHDIIAAEKCFGTGAAGNRTSPQEGERYNYSKCTVVVRIMEFTTTLLNTSPEGWKLLKKDLCNTHLMRVLVQTLCEPASIGFNIGDVQVMAHLPDVCVNLMKALKMSPYKDILETHLREKITAQSIEELCAVNLYGPDAQVDRSRLAAVVSACKQLHRAGLLHNILPSQSTDLHHSVGTELLSLVYKGIAPGDERQCLPSLDLSCKQLASGLLELAFAFGGLCERLVSLLLNPAVLSTASLGSSQGSVIHFSHGEYFYSLFSETINTELLKNLDLAVLELMQSSVDNTKMVSAVLNGMLDQSFRERANQKHQGLKLATTILQHWKKCDSWWAKDSPLETKMAVLALLAKILQIDSSVSFNTSHGSFPEVFTTYISLLADTKLDLHLKGQAVTLLPFFTSLTGGSLEELRRVLEQLIVAHFPMQSREFPPGTPRFNNYVDCMKKFLDALELSQSPMLLELMTEVLCREQQHVMEELFQSSFRRIARRGSCVTQVGLLESVYEMFRKDDPRLSFTRQSFVDRSLLTLLWHCSLDALREFFSTIVVDAIDVLKSRFTKLNESTFDTQITKKMGYYKILDVMYSRLPKDDVHAKESKINQVFHGSCITEGNELTKTLIKLCYDAFTENMAGENQLLERRRLYHCAAYNCAISVICCVFNELKFYQGFLFSEKPEKNLLIFENLIDLKRRYNFPVEVEVPMERKKKYIEIRKEAREAANGDSDGPSYMSSLSYLADSTLSEEMSQFDFSTGVQSYSYSSQDPRPATGRFRRREQRDPTVHDDVLELEMDELNRHECMAPLTALVKHMHRSLGPPQGEEDSVPRDLPSWMKFLHGKLGNPIVPLNIRLFLAKLVINTEEVFRPYAKHWLSPLLQLAASENNGGEGIHYMVVEIVATILSWTGLATPTGVPKDEVLANRLLNFLMKHVFHPKRAVFRHNLEIIKTLVECWKDCLSIPYRLIFEKFSGKDPNSKDNSVGIQLLGIVMANDLPPYDPQCGIQSSEYFQALVNNMSFVRYKEVYAAAAEVLGLILRYVMERKNILEESLCELVAKQLKQHQNTMEDKFIVCLNKVTKSFPPLADRFMNAVFFLLPKFHGVLKTLCLEVVLCRVEGMTELYFQLKSKDFVQVMRHRDDERQKVCLDIIYKMMPKLKPVELRELLNPVVEFVSHPSTTCREQMYNILMWIHDNYRDPESETDNDSQEIFKLAKDVLIQGLIDENPGLQLIIRNFWSHETRLPSNTLDRLLALNSLYSPKIEVHFLSLATNFLLEMTSMSPDYPNPMFEHPLSECEFQEYTIDSDWRFRSTVLTPMFVETQASQGTLQTRTQEGSLSARWPVAGQIRATQQQHDFTLTQTADGRSSFDWLTGSSTDPLVDHTSPSSDSLLFAHKRSERLQRAPLKSVGPDFGKKRLGLPGDEVDNKVKGAAGRTDLLRLRRRFMRDQEKLSLMYARKGVAEQKREKEIKSELKMKQDAQVVLYRSYRHGDLPDIQIKHSSLITPLQAVAQRDPIIAKQLFSSLFSGILKEMDKFKTLSEKNNITQKLLQDFNRFLNTTFSFFPPFVSCIQDISCQHAALLSLDPAAVSAGCLASLQQPVGIRLLEEALLRLLPAELPAKRVRGKARLPPDVLRWVELAKLYRSIGEYDVLRGIFTSEIGTKQITQSALLAEARSDYSEAAKQYDEALNKQDWVDGEPTEAEKDFWELASLDCYNHLAEWKSLEYCSTASIDSENPPDLNKIWSEPFYQETYLPYMIRSKLKLLLQGEADQSLLTFIDKAMHGELQKAILELHYSQELSLLYLLQDDVDRAKYYIQNGIQSFMQNYSSIDVLLHQSRLTKLQSVQALTEIQEFISFISKQGNLSSQVPLKRLLNTWTNRYPDAKMDPMNIWDDIITNRCFFLSKIEEKLTPLPEDNSMNVDQDGDPSDRMEVQEQEEDISSLIRSCKFSMKMKMIDSARKQNNFSLAMKLLKELHKESKTRDDWLVSWVQSYCRLSHCRSRSQGCSEQVLTVLKTVSLLDENNVSSYLSKNILAFRDQNILLGTTYRIIANALSSEPACLAEIEEDKARRILELSGSSSEDSEKVIAGLYQRAFQHLSEAVQAAEEEAQPPSWSCGPAAGVIDAYMTLADFCDQQLRKEEENASVIDSAELQAYPALVVEKMLKALKLNSNEARLKFPRLLQIIERYPEETLSLMTKEISSVPCWQFISWISHMVALLDKDQAVAVQHSVEEITDNYPQAIVYPFIISSESYSFKDTSTGHKNKEFVARIKSKLDQGGVIQDFINALDQLSNPELLFKDWSNDVRAELAKTPVNKKNIEKMYERMYAALGDPKAPGLGAFRRKFIQTFGKEFDKHFGKGGSKLLRMKLSDFNDITNMLLLKMNKDSKPPGNLKECSPWMSDFKVEFLRNELEIPGQYDGRGKPLPEYHVRIAGFDERVTVMASLRRPKRIIIRGHDEREHPFLVKGGEDLRQDQRVEQLFQVMNGILAQDSACSQRALQLRTYSVVPMTSRLGLIEWLENTVTLKDLLLNTMSQEEKAAYLSDPRAPPCEYKDWLTKMSGKHDVGAYMLMYKGANRTETVTSFRKRESKVPADLLKRAFVRMSTSPEAFLALRSHFASSHALICISHWILGIGDRHLNNFMVAMETGGVIGIDFGHAFGSATQFLPVPELMPFRLTRQFINLMLPMKETGLMYSIMVHALRAFRSDPGLLTNTMDVFVKEPSFDWKNFEQKMLKKGGSWIQEINVAEKNWYPRQKICYAKRKLAGANPAVITCDELLLGHEKAPAFRDYVAVARGSKDHNIRAQEPESGLSEETQVKCLMDQATDPNILGRTWEGWEPWM,0
sp|P78560|CRADD_HUMAN,MEARDKQVLRSLRLELGAEVLVEGLVLQYLYQEGILTENHIQEINAQTTGLRKTMLLLDILPSRGPKAFDTFLDSLQEFPWVREKLKKAREEAMTDLPAGDRLTGIPSHILNSSPSDRQINQLAQRLGPEWEPMVLSLGLSQTDIYRCKANHPHNVQSQVVEAFIRWRQRFGKQATFQSLHNGLRAVEVDPSLLLHMLE,0
sp|P84243|H33_HUMAN,MARTKQTARKSTGGKAPRKQLATKAARKSAPSTGGVKKPHRYRPGTVALREIRRYQKSTELLIRKLPFQRLVREIAQDFKTDLRFQSAAIGALQEASEAYLVGLFEDTNLCAIHAKRVTIMPKDIQLARRIRGERA,0
sp|Q00613|HSF1_HUMAN,MDLPVGPGAAGPSNVPAFLTKLWTLVSDPDTDALICWSPSGNSFHVFDQGQFAKEVLPKYFKHNNMASFVRQLNMYGFRKVVHIEQGGLVKPERDDTEFQHPCFLRGQEQLLENIKRKVTSVSTLKSEDIKIRQDSVTKLLTDVQLMKGKQECMDSKLLAMKHENEALWREVASLRQKHAQQQKVVNKLIQFLISLVQSNRILGVKRKIPLMLNDSGSAHSMPKYSRQFSLEHVHGSGPYSAPSPAYSSSSLYAPDAVASSGPIISDITELAPASPMASPGGSIDERPLSSSPLVRVKEEPPSPPQSPRVEEASPGRPSSVDTLLSPTALIDSILRESEPAPASVTALTDARGHTDTEGRPPSPPPTSTPEKCLSVACLDKNELSDHLDAMDSNLDNLQTMLSSHGFSVDTSALLDLFSPSVTVPDMSLPDLDSSLASIQELLSPQEPPRPPEAENSSPDSGKQLVHYTAQPLFLLDPGSVDTGSNDLPVLFELGEGSYFSEGDGFAEDPTISLLTGSEPPKAKDPTVS,0
sp|Q01167|FOXK2_HUMAN,MAAAAAALSGAGTPPAGGGAGGGGAGGGGSPPGGWAVARLEGREFEYLMKKRSVTIGRNSSQGSVDVSMGHSSFISRRHLEIFTPPGGGGHGGAAPELPPAQPRPDAGGDFYLRCLGKNGVFVDGVFQRRGAPPLQLPRVCTFRFPSTNIKITFTALSSEKREKQEASESPVKAVQPHISPLTINIPDTMAHLISPLPSPTGTISAANSCPSSPRGAGSSGYKVGRVMPSDLNLMADNSQPENEKEASGGDSPKDDSKPPYSYAQLIVQAITMAPDKQLTLNGIYTHITKNYPYYRTADKGWQNSIRHNLSLNRYFIKVPRSQEEPGKGSFWRIDPASESKLIEQAFRKRRPRGVPCFRTPLGPLSSRSAPASPNHAGVLSAHSSGAQTPESLSREGSPAPLEPEPGAAQPKLAVIQEARFAQSAPGSPLSSQPVLITVQRQLPQAIKPVTYTVATPVTTSTSQPPVVQTVHVVHQIPAVSVTSVAGLAPANTYTVSGQAVVTPAAVLAPPKAEAQENGDHREVKVKVEPIPAIGHATLGTASRIIQTAQTTPVQTVTIVQQAPLGQHQLPIKTVTQNGTHVASVPTAVHGQVNNAAASPLHMLATHASASASLPTKRHNGDQPEQPELKRIKTEDGEGIVIALSVDTPPAAVREKGVQN,0
sp|Q01826|SATB1_HUMAN,MDHLNEATQGKEHSEMSNNVSDPKGPPAKIARLEQNGSPLGRGRLGSTGAKMQGVPLKHSGHLMKTNLRKGTMLPVFCVVEHYENAIEYDCKEEHAEFVLVRKDMLFNQLIEMALLSLGYSHSSAAQAKGLIQVGKWNPVPLSYVTDAPDATVADMLQDVYHVVTLKIQLHSCPKLEDLPPEQWSHTTVRNALKDLLKDMNQSSLAKECPLSQSMISSIVNSTYYANVSAAKCQEFGRWYKHFKKTKDMMVEMDSLSELSQQGANHVNFGQQPVPGNTAEQPPSPAQLSHGSQPSVRTPLPNLHPGLVSTPISPQLVNQQLVMAQLLNQQYAVNRLLAQQSLNQQYLNHPPPVSRSMNKPLEQQVSTNTEVSSEIYQWVRDELKRAGISQAVFARVAFNRTQGLLSEILRKEEDPKTASQSLLVNLRAMQNFLQLPEAERDRIYQDERERSLNAASAMGPAPLISTPPSRPPQVKTATIATERNGKPENNTMNINASIYDEIQQEMKRAKVSQALFAKVAATKSQGWLCELLRWKEDPSPENRTLWENLSMIRRFLSLPQPERDAIYEQESNAVHHHGDRPPHIIHVPAEQIQQQQQQQQQQQQQQQAPPPPQPQQQPQTGPRLPPRQPTVASPAESDEENRQKTRPRTKISVEALGILQSFIQDVGLYPDEEAIQTLSAQLDLPKYTIIKFFQNQRYYLKHHGKLKDNSGLEVDVAEYKEEELLKDLEESVQDKNTNTLFSVKLEEELSVEGNTDINTDLKD,0
sp|Q01851|PO4F1_HUMAN,MMSMNSKQPHFAMHPTLPEHKYPSLHSSSEAIRRACLPTPPLQSNLFASLDETLLARAEALAAVDIAVSQGKSHPFKPDATYHTMNSVPCTSTSTVPLAHHHHHHHHHQALEPGDLLDHISSPSLALMAGAGGAGAAAGGGGAHDGPGGGGGPGGGGGPGGGPGGGGGGGPGGGGGGPGGGLLGGSAHPHPHMHSLGHLSHPAAAAAMNMPSGLPHPGLVAAAAHHGAAAAAAAAAAGQVAAASAAAAVVGAAGLASICDSDTDPRELEAFAERFKQRRIKLGVTQADVGSALANLKIPGVGSLSQSTICRFESLTLSHNNMIALKPILQAWLEEAEGAQREKMNKPELFNGGEKKRKRTSIAAPEKRSLEAYFAVQPRPSSEKIAAIAEKLDLKKNVVRVWFCNQRQKQKRMKFSATY,0
sp|Q02818|NUCB1_HUMAN,MPPSGPRGTLLLLPLLLLLLLRAVLAVPLERGAPNKEETPATESPDTGLYYHRYLQEVIDVLETDGHFREKLQAANAEDIKSGKLSRELDFVSHHVRTKLDELKRQEVSRLRMLLKAKMDAEQDPNVQVDHLNLLKQFEHLDPQNQHTFEARDLELLIQTATRDLAQYDAAHHEEFKRYEMLKEHERRRYLESLGEEQRKEAERKLEEQQRRHREHPKVNVPGSQAQLKEVWEELDGLDPNRFNPKTFFILHDINSDGVLDEQELEALFTKELEKVYDPKNEEDDMREMEEERLRMREHVMKNVDTNQDRLVTLEEFLASTQRKEFGDTGEGWETVEMHPAYTEEELRRFEEELAAREAELNAKAQRLSQETEALGRSQGRLEAQKRELQQAVLHMEQRKQQQQQQQGHKAPAAHPEGQLKFHPDTDDVPVPAPAGDQKEVDTSEKKLLERLPEVEVPQHL,0
sp|Q04837|SSBP_HUMAN,MFRRPVLQVLRQFVRHESETTTSLVLERSLNRVHLLGRVGQDPVLRQVEGKNPVTIFSLATNEMWRSGDSEVYQLGDVSQKTTWHRISVFRPGLRDVAYQYVKKGSRIYLEGKIDYGEYMDKNNVRRQATTIIADNIIFLSDQTKEKE,0
sp|Q07812|BAX_HUMAN,MDGSGEQPRGGGPTSSEQIMKTGALLLQGFIQDRAGRMGGEAPELALDPVPQDASTKKLSECLKRIGDELDSNMELQRMIAAVDTDSPREVFFRVAADMFSDGNFNWGRVVALFYFASKLVLKALCTKVPELIRTIMGWTLDFLRERLLGWIQDQGGWDGLLSYFGTPTWQTVTIFVAGVLTASLTIWKKMG,0
sp|Q13404|UB2V1_HUMAN,MAATTGSGVKVPRNFRLLEELEEGQKGVGDGTVSWGLEDDEDMTLTRWTGMIIGPPRTIYENRIYSLKIECGPKYPEAPPFVRFVTKINMNGVNSSNGVVDPRAISVLAKWQNSYSIKVVLQELRRLMMSKENMKLPQPPEGQCYSN,0
sp|Q13489|BIRC3_HUMAN,MNIVENSIFLSNLMKSANTFELKYDLSCELYRMSTYSTFPAGVPVSERSLARAGFYYTGVNDKVKCFCCGLMLDNWKRGDSPTEKHKKLYPSCRFVQSLNSVNNLEATSQPTFPSSVTNSTHSLLPGTENSGYFRGSYSNSPSNPVNSRANQDFSALMRSSYHCAMNNENARLLTFQTWPLTFLSPTDLAKAGFYYIGPGDRVACFACGGKLSNWEPKDNAMSEHLRHFPKCPFIENQLQDTSRYTVSNLSMQTHAARFKTFFNWPSSVLVNPEQLASAGFYYVGNSDDVKCFCCDGGLRCWESGDDPWVQHAKWFPRCEYLIRIKGQEFIRQVQASYPHLLEQLLSTSDSPGDENAESSIIHFEPGEDHSEDAIMMNTPVINAAVEMGFSRSLVKQTVQRKILATGENYRLVNDLVLDLLNAEDEIREEERERATEEKESNDLLLIRKNRMALFQHLTCVIPILDSLLTAGIINEQEHDVIKQKTQTSLQARELIDTILVKGNIAATVFRNSLQEAEAVLYEHLFVQQDIKYIPTEDVSDLPVEEQLRRLQEERTCKVCMDKEVSIVFIPCGHLVVCKDCAPSLRKCPICRSTIKGTVRTFLS,0
sp|Q13526|PIN1_HUMAN,MADEEKLPPGWEKRMSRSSGRVYYFNHITNASQWERPSGNSSSGGKNGQGEPARVRCSHLLVKHSQSRRPSSWRQEKITRTKEEALELINGYIQKIKSGEEDFESLASQFSDCSSAKARGDLGAFSRGQMQKPFEDASFALRTGEMSGPVFTDSGIHIILRTE,0
sp|Q13951|PEBB_HUMAN,MPRVVPDQRSKFENEEFFRKLSRECEIKYTGFRDRPHEERQARFQNACRDGRSEIAFVATGTNLSLQFFPASWQGEQRQTPSREYVDLEREAGKVYLKAPMILNGVCVIWKGWIDLQRLDGMGCLEFDEERAQQEDALAQQAFEEARRRTREFEDRDRSHREEMEVRVSQLLAVTGKKTTRP,0
sp|Q14554|PDIA5_HUMAN,MARAGPAWLLLAIWVVLPSWLSSAKVSSLIERISDPKDLKKLLRTRNNVLVLYSKSEVAAENHLRLLSTVAQAVKGQGTICWVDCGDAESRKLCKKMKVDLSPKDKKVELFHYQDGAFHTEYNRAVTFKSIVAFLKDPKGPPLWEEDPGAKDVVHLDSEKDFRRLLKKEEKPLLIMFYAPWCSMCKRMMPHFQKAATQLRGHAVLAGMNVYSSEFENIKEEYSVRGFPTICYFEKGRFLFQYDNYGSTAEDIVEWLKNPQPPQPQVPETPWADEGGSVYHLTDEDFDQFVKEHSSVLVMFHAPWCGHCKKMKPEFEKAAEALHGEADSSGVLAAVDATVNKALAERFHISEFPTLKYFKNGEKYAVPVLRTKKKFLEWMQNPEAPPPPEPTWEEQQTSVLHLVGDNFRETLKKKKHTLVMFYAPWCPHCKKVIPHFTATADAFKDDRKIACAAVDCVKDKNQDLCQQEAVKGYPTFHYYHYGKFAEKYDSDRTELGFTNYIRALREGDHERLGKKKEEL,0
sp|Q15004|PAF15_HUMAN,MVRTKADSVPGTYRKVVAARAPRKVLGSSTSATNSTSVSSRKAENKYAGGNPVCVRPTPKWQKGIGEFFRLSPKDSEKENQIPEEAGSSGLGKAKRKACPLQPDHTNDEKE,0
sp|Q15185|TEBP_HUMAN,MQPASAKWYDRRDYVFIEFCVEDSKDVNVNFEKSKLTFSCLGGSDNFKHLNEIDLFHCIDPNDSKHKRTDRSILCCLRKGESGQSWPRLTKERAKLNWLSVDFNNWKDWEDDSDEDMSNFDRFSEMMNNMGGDEDVDLPEVDGADDDSQDSDDEKMPDLE,0
sp|Q15233|NONO_HUMAN,MQSNKTFNLEKQNHTPRKHHQHHHQQQHHQQQQQQPPPPPIPANGQQASSQNEGLTIDLKNFRKPGEKTFTQRSRLFVGNLPPDITEEEMRKLFEKYGKAGEVFIHKDKGFGFIRLETRTLAEIAKVELDNMPLRGKQLRVRFACHSASLTVRNLPQYVSNELLEEAFSVFGQVERAVVIVDDRGRPSGKGIVEFSGKPAARKALDRCSEGSFLLTTFPRPVTVEPMDQLDDEEGLPEKLVIKNQQFHKEREQPPRFAQPGSFEYEYAMRWKALIEMEKQQQDQVDRNIKEAREKLEMEMEAARHEHQVMLMRQDLMRRQEELRRMEELHNQEVQKRKQLELRQEEERRRREEEMRRQQEEMMRRQQEGFKGTFPDAREQEIRMGQMAMGGAMGINNRGAMPPAPVPAGTPAPPGPATMMPDGTLGLTPPTTERFGQAATMEGIGAIGGTPPAFNRAAPGAEFAPNKRRRY,0
sp|Q15369|ELOC_HUMAN,MDGEEKTYGGCEGPDAMYVKLISSDGHEFIVKREHALTSGTIKAMLSGPGQFAENETNEVNFREIPSHVLSKVCMYFTYKVRYTNSSTEIPEFPIAPEIALELLMAANFLDC,0
sp|Q15554|TERF2_HUMAN,MAAGAGTAGPASGPGVVRDPAASQPRKRPGREGGEGARRSDTMAGGGGSSDGSGRAAGRRASRSSGRARRGRHEPGLGGPAERGAGEARLEEAVNRWVLKFYFHEALRAFRGSRYGDFRQIRDIMQALLVRPLGKEHTVSRLLRVMQCLSRIEEGENLDCSFDMEAELTPLESAINVLEMIKTEFTLTEAVVESSRKLVKEAAVIICIKNKEFEKASKILKKHMSKDPTTQKLRNDLLNIIREKNLAHPVIQNFSYETFQQKMLRFLESHLDDAEPYLLTMAKKALKSESAASSTGKEDKQPAPGPVEKPPREPARQLRNPPTTIGMMTLKAAFKTLSGAQDSEAAFAKLDQKDLVLPTQALPASPALKNKRPRKDENESSAPADGEGGSELQPKNKRMTISRLVLEEDSQSTEPSAGLNSSQEAASAPPSKPTVLNQPLPGEKNPKVPKGKWNSSNGVEEKETWVEEDELFQVQAAPDEDSTTNITKKQKWTVEESEWVKAGVQKYGEGNWAAISKNYPFVNRTAVMIKDRWRTMKRLGMN,0
sp|Q15669|RHOH_HUMAN,MLSSIKCVLVGDSAVGKTSLLVRFTSETFPEAYKPTVYENTGVDVFMDGIQISLGLWDTAGNDAFRSIRPLSYQQADVVLMCYSVANHNSFLNLKNKWIGEIRSNLPCTPVLVVATQTDQREMGPHRASCVNAMEGKKLAQDVRAKGYLECSALSNRGVQQVFECAVRTAVNQARRRNRRRLFSINECKIF,0
sp|Q15672|TWST1_HUMAN,MMQDVSSSPVSPADDSLSNSEEEPDRQQPPSGKRGGRKRRSSRRSAGGGAGPGGAAGGGVGGGDEPGSPAQGKRGKKSAGCGGGGGAGGGGGSSSGGGSPQSYEELQTQRVMANVRERQRTQSLNEAFAALRKIIPTLPSDKLSKIQTLKLAARYIDFLYQVLQSDELDSKMASCSYVAHERLSYAFSVWRMEGAWSMSASH,0
sp|Q53H47|SETMR_HUMAN,MFAEAAKTTRPCGMAEFKEKPEAPTEQLDVACGQENLPVGAWPPGAAPAPFQYTPDHVVGPGADIDPTQITFPGCICVKTPCLPGTCSCLRHGENYDDNSCLRDIGSGGKYAEPVFECNVLCRCSDHCRNRVVQKGLQFHFQVFKTHKKGWGLRTLEFIPKGRFVCEYAGEVLGFSEVQRRIHLQTKSDSNYIIAIREHVYNGQVMETFVDPTYIGNIGRFLNHSCEPNLLMIPVRIDSMVPKLALFAAKDIVPEEELSYDYSGRYLNLTVSEDKERLDHGKLRKPCYCGAKSCTAFLPFDSSLYCPVEKSNISCGNEKEPSMCGSAPSVFPSCKRLTLETMKMMLDKKQIRAIFLFEFKMGRKAAETTRNINNAFGPGTANERTVQWWFKKFCKGDESLEDEERSGRPSEVDNDQLRAIIEADPLTTTREVAEELNVNHSTVVRHLKQIGKVKKLDKWVPHELTENQKNRRFEVSSSLILRNHNEPFLDRIVTCDEKWILYDNRRRSAQWLDQEEAPKHFPKPILHPKKVMVTIWWSAAGLIHYSFLNPGETITSEKYAQEIDEMNQKLQRLQLALVNRKGPILLHDNARPHVAQPTLQKLNELGYEVLPHPPYSPDLLPTNYHVFKHLNNFLQGKRFHNQQDAENAFQEFVESQSTDFYATGINQLISRWQKCVDCNGSYFD,0
sp|Q6DJT9|PLAG1_HUMAN,MATVIPGDLSEVRDTQKVPSGKRKRGETKPRKNFPCQLCDKAFNSVEKLKVHSYSHTGERPYKCIQQDCTKAFVSKYKLQRHMATHSPEKTHKCNYCEKMFHRKDHLKNHLHTHDPNKETFKCEECGKNYNTKLGFKRHLALHAATSGDLTCKVCLQTFESTGVLLEHLKSHAGKSSGGVKEKKHQCEHCDRRFYTRKDVRRHMVVHTGRKDFLCQYCAQRFGRKDHLTRHMKKSHNQELLKVKTEPVDFLDPFTCNVSVPIKDELLPVMSLPSSELLSKPFTNTLQLNLYNTPFQSMQSSGSAHQMITTLPLGMTCPIDMDTVHPSHHLSFKYPFSSTSYAISIPEKEQPLKGEIESYLMELQGGVPSSSQDSQASSSSKLGLDPQIGSLDDGAGDLSLSKSSISISDPLNTPALDFSQLFNFIPLNGPPYNPLSVGSLGMSYSQEEAHSSVSQLPPQTQDLQDPANTIGLGSLHSLSAAFTSSLSTSTTLPRFHQAFQ,0
sp|Q6NTF7|ABC3H_HUMAN,MALLTAETFRLQFNNKRRLRRPYYPRKALLCYQLTPQNGSTPTRGYFENKKKCHAEICFINEIKSMGLDETQCYQVTCYLTWSPCSSCAWELVDFIKAHDHLNLGIFASRLYYHWCKPQQKGLRLLCGSQVPVEVMGFPEFADCWENFVDHEKPLSFNPYKMLEELDKNSRAIKRRLERIKIPGVRAQGRYMDILCDAEV,0
sp|Q7RTU4|BHA09_HUMAN,MLRGAPGLGLTARKGAEDSAEDLGGPCPEPGGDSGVLGANGASCSRGEAEEPAGRRRARPVRSKARRMAANVRERKRILDYNEAFNALRRALRHDLGGKRLSKIATLRRAIHRIAALSLVLRASPAPRGPCGHLECHGPAARGDTGDTGASPPPPAGPSLARPDAARPSVPSAPRCASCPPHAPLARPSAVAEGPGLAQASGGSWRRCPGASSAGPPPWPRGYLRSAPGMGHPRS,0
sp|Q8IW19|APLF_HUMAN,MSGGFELQPRDGGPRVALAPGETVIGRGPLLGITDKRVSRRHAILEVAGGQLRIKPIHTNPCFYQSSEKSQLLPLKPNLWCYLNPGDSFSLLVDKYIFRILSIPSEVEMQCTLRNSQVLDEDNILNETPKSPVINLPHETTGASQLEGSTEIAKTQMTPTNSVSFLGENRDCNKQQPILAERKRILPTWMLAEHLSDQNLSVPAISGGNVIQGSGKEEICKDKSQLNTTQQGRRQLISSGSSENTSAEQDTGEECKNTDQEESTISSKEMPQSFSAITLSNTEMNNIKTNAQRNKLPIEELGKVSKHKIATKRTPHKEDEAMSCSENCSSAQGDSLQDESQGSHSESSSNPSNPETLHAKATDSVLQGSEGNKVKRTSCMYGANCYRKNPVHFQHFSHPGDSDYGGVQIVGQDETDDRPECPYGPSCYRKNPQHKIEYRHNTLPVRNVLDEDNDNVGQPNEYDLNDSFLDDEEEDYEPTDEDSDWEPGKEDEEKEDVEELLKEAKRFMKRK,0
sp|Q8IYW5|RN168_HUMAN,MALPKDAIPSLSECQCGICMEILVEPVTLPCNHTLCKPCFQSTVEKASLCCPFCRRRVSSWTRYHTRRNSLVNVELWTIIQKHYPRECKLRASGQESEEVADDYQPVRLLSKPGELRREYEEEISKVAAERRASEEEENKASEEYIQRLLAEEEEEEKRQAEKRRRAMEEQLKSDEELARKLSIDINNFCEGSISASPLNSRKSDPVTPKSEKKSKNKQRNTGDIQKYLTPKSQFGSASHSEAVQEVRKDSVSKDIDSSDRKSPTGQDTEIEDMPTLSPQISLGVGEQGADSSIESPMPWLCACGAEWYHEGNVKTRPSNHGKELCVLSHERPKTRVPYSKETAVMPCGRTESGCAPTSGVTQTNGNNTGETENEESCLLISKEISKRKNQESSFEAVKDPCFSAKRRKVSPESSPDQEETEINFTQKLIDLEHLLFERHKQEEQDRLLALQLQKEVDKEQMVPNRQKGSPDEYHLRATSSPPDKVLNGQRKNPKDGNFKRQTHTKHPTPERGSRDKNRQVSLKMQLKQSVNRRKMPNSTRDHCKVSKSAHSLQPSISQKSVFQMFQRCTK,0
sp|Q8N668|COMD1_HUMAN,MAAGELEGGKPLSGLLNALAQDTFHGYPGITEELLRSQLYPEVPPEEFRPFLAKMRGILKSIASADMDFNQLEAFLTAQTKKQGGITSDQAAVISKFWKSHKTKIRESLMNQSRWNSGLRGLSWRVDGKSQSRHSAQIHTPVAIIELELGKYGQESEFLCLEFDEVKVNQILKTLSEVEESISTLISQPN,0
sp|Q8N726|ARF_HUMAN,MVRRFLVTLRIRRACGPPRVRVFVVHIPRLTGEWAAPGAPAAVALVLMLLRSQRLGQQPLPRRPGHDDGQRPSGGAAAAPRRGAQLRRPRHSHPTRARRCPGGLPGHAGGAAPGRGAAGRARCLGPSARGPG,0
sp|Q8NE35|CPEB3_HUMAN,MQDDLLMDKSKTQPQPQQQQRQQQQPQPESSVSEAPSTPLSSETPKPEENSAVPALSPAAAPPAPNGPDKMQMESPLLPGLSFHQPPQQPPPPQEPAAPGASLSPSFGSTWSTGTTNAVEDSFFQGITPVNGTMLFQNFPHHVNPVFGGTFSPQIGLAQTQHHQQPPPPAPAPQPAQPAQPPQAQPPQQRRSPASPSQAPYAQRSAAAAYGHQPIMTSKPSSSSAVAAAAAAAAASSASSSWNTHQSVNAAWSAPSNPWGGLQAGRDPRRAVGVGVGVGVGVPSPLNPISPLKKPFSSNVIAPPKFPRAAPLTSKSWMEDNAFRTDNGNNLLPFQDRSRPYDTFNLHSLENSLMDMIRTDHEPLKGKHYPPSGPPMSFADIMWRNHFAGRMGINFHHPGTDNIMALNNAFLDDSHGDQALSSGLSSPTRCQNGERVERYSRKVFVGGLPPDIDEDEITASFRRFGPLVVDWPHKAESKSYFPPKGYAFLLFQEESSVQALIDACLEEDGKLYLCVSSPTIKDKPVQIRPWNLSDSDFVMDGSQPLDPRKTIFVGGVPRPLRAVELAMIMDRLYGGVCYAGIDTDPELKYPKGAGRVAFSNQQSYIAAISARFVQLQHNDIDKRVEVKPYVLDDQMCDECQGTRCGGKFAPFFCANVTCLQYYCEYCWASIHSRAGREFHKPLVKEGGDRPRHVPFRWS,0
sp|Q8NHV9|RHXF1_HUMAN,MARSLVHDTVFYCLSVYQVKISPTPQLGAASSAEGHVGQGAPGLMGNMNPEGGVNHENGMNRDGGMIPEGGGGNQEPRQQPQPPPEEPAQAAMEGPQPENMQPRTRRTKFTLLQVEELESVFRHTQYPDVPTRRELAENLGVTEDKVRVWFKNKRARCRRHQRELMLANELRADPDDCVYIVVD,0
sp|Q8TB72|PUM2_HUMAN,MNHDFQALALESRGMGELLPTKKFWEPDDSTKDGQKGIFLGDDEWRETAWGASHHSMSQPIMVQRRSGQGFHGNSEVNAILSPRSESGGLGVSMVEYVLSSSPADKLDSRFRKGNFGTRDAETDGPEKGDQKGKASPFEEDQNRDLKQGDDDDSKINGRGLPNGMDADCKDFNRTPGSRQASPTEVVERLGPNTNPSEGLGPLPNPTANKPLVEEFSNPETQNLDAMEQVGLESLQFDYPGNQVPMDSSGATVGLFDYNSQQQLFQRTNALTVQQLTAAQQQQYALAAAQQPHIAGVFSAGLAPAAFVPNPYIISAAPPGTDPYTAAGLAAAATLAGPAVVPPQYYGVPWGVYPANLFQQQAAAAANNTASQQAASQAQPGQQQVLRAGAGQRPLTPNQGQQGQQAESLAAAAAANPTLAFGQGLATGMPGYQVLAPTAYYDQTGALVVGPGARTGLGAPVRLMAPTPVLISSAAAQAAAAAAAGGTASSLTGSTNGLFRPIGTQPPQQQQQQPSTNLQSNSFYGSSSLTNSSQSSSLFSHGPGQPGSTSLGFGSGNSLGAAIGSALSGFGSSVGSSASSSATRRESLSTSSDLYKRSSSSLAPIGQPFYNSLGFSSSPSPIGMPLPSQTPGHSLTPPPSLSSHGSSSSLHLGGLTNGSGRYISAAPGAEAKYRSASSTSSLFSSSSQLFPPSRLRYNRSDIMPSGRSRLLEDFRNNRFPNLQLRDLIGHIVEFSQDQHGSRFIQQKLERATPAERQMVFNEILQAAYQLMTDVFGNYVIQKFFEFGSLDQKLALATRIRGHVLPLALQMYGCRVIQKALESISSDQQVISEMVKELDGHVLKCVKDQNGNHVVQKCIECVQPQSLQFIIDAFKGQVFVLSTHPYGCRVIQRILEHCTAEQTLPILEELHQHTEQLVQDQYGNYVIQHVLEHGRPEDKSKIVSEIRGKVLALSQHKFASNVVEKCVTHASRAERALLIDEVCCQNDGPHSALYTMMKDQYANYVVQKMIDMAEPAQRKIIMHKIRPHITTLRKYTYGKHILAKLEKYYLKNSPDLGPIGGPPNGML,0
sp|Q8TDI0|CHD5_HUMAN,MRGPVGTEEELPRLFAEEMENEDEMSEEEDGGLEAFDDFFPVEPVSLPKKKKPKKLKENKCKGKRKKKEGSNDELSENEEDLEEKSESEGSDYSPNKKKKKKLKDKKEKKAKRKKKDEDEDDNDDGCLKEPKSSGQLMAEWGLDDVDYLFSEEDYHTLTNYKAFSQFLRPLIAKKNPKIPMSKMMTVLGAKWREFSANNPFKGSSAAAAAAAVAAAVETVTISPPLAVSPPQVPQPVPIRKAKTKEGKGPGVRKKIKGSKDGKKKGKGKKTAGLKFRFGGISNKRKKGSSSEEDEREESDFDSASIHSASVRSECSAALGKKSKRRRKKKRIDDGDGYETDHQDYCEVCQQGGEIILCDTCPRAYHLVCLDPELEKAPEGKWSCPHCEKEGIQWEPKDDDDEEEEGGCEEEEDDHMEFCRVCKDGGELLCCDACPSSYHLHCLNPPLPEIPNGEWLCPRCTCPPLKGKVQRILHWRWTEPPAPFMVGLPGPDVEPSLPPPKPLEGIPEREFFVKWAGLSYWHCSWVKELQLELYHTVMYRNYQRKNDMDEPPPFDYGSGDEDGKSEKRKNKDPLYAKMEERFYRYGIKPEWMMIHRILNHSFDKKGDVHYLIKWKDLPYDQCTWEIDDIDIPYYDNLKQAYWGHRELMLGEDTRLPKRLLKKGKKLRDDKQEKPPDTPIVDPTVKFDKQPWYIDSTGGTLHPYQLEGLNWLRFSWAQGTDTILADEMGLGKTVQTIVFLYSLYKEGHSKGPYLVSAPLSTIINWEREFEMWAPDFYVVTYTGDKESRSVIRENEFSFEDNAIRSGKKVFRMKKEVQIKFHVLLTSYELITIDQAILGSIEWACLVVDEAHRLKNNQSKFFRVLNSYKIDYKLLLTGTPLQNNLEELFHLLNFLTPERFNNLEGFLEEFADISKEDQIKKLHDLLGPHMLRRLKADVFKNMPAKTELIVRVELSQMQKKYYKFILTRNFEALNSKGGGNQVSLLNIMMDLKKCCNHPYLFPVAAVEAPVLPNGSYDGSSLVKSSGKLMLLQKMLKKLRDEGHRVLIFSQMTKMLDLLEDFLEYEGYKYERIDGGITGGLRQEAIDRFNAPGAQQFCFLLSTRAGGLGINLATADTVIIYDSDWNPHNDIQAFSRAHRIGQNKKVMIYRFVTRASVEERITQVAKRKMMLTHLVVRPGLGSKSGSMTKQELDDILKFGTEELFKDDVEGMMSQGQRPVTPIPDVQSSKGGNLAASAKKKHGSTPPGDNKDVEDSSVIHYDDAAISKLLDRNQDATDDTELQNMNEYLSSFKVAQYVVREEDGVEEVEREIIKQEENVDPDYWEKLLRHHYEQQQEDLARNLGKGKRIRKQVNYNDASQEDQEWQDELSDNQSEYSIGSEDEDEDFEERPEGQSGRRQSRRQLKSDRDKPLPPLLARVGGNIEVLGFNARQRKAFLNAIMRWGMPPQDAFNSHWLVRDLRGKSEKEFRAYVSLFMRHLCEPGADGAETFADGVPREGLSRQHVLTRIGVMSLVRKKVQEFEHVNGKYSTPDLIPEGPEGKKSGEVISSDPNTPVPASPAHLLPAPLGLPDKMEAQLGYMDEKDPGAQKPRQPLEVQALPAALDRVESEDKHESPASKERAREERPEETEKAPPSPEQLPREEVLPEKEKILDKLELSLIHSRGDSSELRPDDTKAEEKEPIETQQNGDKEEDDEGKKEDKKGKFKFMFNIADGGFTELHTLWQNEERAAVSSGKIYDIWHRRHDYWLLAGIVTHGYARWQDIQNDPRYMILNEPFKSEVHKGNYLEMKNKFLARRFKLLEQALVIEEQLRRAAYLNMTQDPNHPAMALNARLAEVECLAESHQHLSKESLAGNKPANAVLHKVLNQLEELLSDMKADVTRLPSMLSRIPPVAARLQMSERSILSRLTNRAGDPTIQQGAFGSSQMYSNNFGPNFRGPGPGGIVNYNQMPLGPYVTDI,0
sp|Q8WV22|NSE1_HUMAN,MQGSTRRMGVMTDVHRRFLQLLMTHGVLEEWDVKRLQTHCYKVHDRNATVDKLEDFINNINSVLESLYIEIKRGVTEDDGRPIYALVNLATTSISKMATDFAENELDLFRKALELIIDSETGFASSTNILNLVDQLKGKKMRKKEAEQVLQKFVQNKWLIEKEGEFTLHGRAILEMEQYIRETYPDAVKICNICHSLLIQGQSCETCGIRMHLPCVAKYFQSNAEPRCPHCNDYWPHEIPKVFDPEKERESGVLKSNKKSLRSRQH,0
sp|Q8WYN0|ATG4A_HUMAN,MESVLSKYEDQITIFTDYLEEYPDTDELVWILGKQHLLKTEKSKLLSDISARLWFTYRRKFSPIGGTGPSSDAGWGCMLRCGQMMLAQALICRHLGRDWSWEKQKEQPKEYQRILQCFLDRKDCCYSIHQMAQMGVGEGKSIGEWFGPNTVAQVLKKLALFDEWNSLAVYVSMDNTVVIEDIKKMCRVLPLSADTAGDRPPDSLTASNQSKGTSAYCSAWKPLLLIVPLRLGINQINPVYVDAFKECFKMPQSLGALGGKPNNAYYFIGFLGDELIFLDPHTTQTFVDTEENGTVNDQTFHCLQSPQRMNILNLDPSVALGFFCKEEKDFDNWCSLVQKEILKENLRMFELVQKHPSHWPPFVPPAKPEVTTTGAEFIDSTEQLEEFDLEEDFEILSV,0
sp|Q92547|TOPB1_HUMAN,MSRNDKEPFFVKFLKSSDNSKCFFKALESIKEFQSEEYLQIITEEEALKIKENDRSLYICDPFSGVVFDHLKKLGCRIVGPQVVIFCMHHQRCVPRAEHPVYNMVMSDVTISCTSLEKEKREEVHKYVQMMGGRVYRDLNVSVTHLIAGEVGSKKYLVAANLKKPILLPSWIKTLWEKSQEKKITRYTDINMEDFKCPIFLGCIICVTGLCGLDRKEVQQLTVKHGGQYMGQLKMNECTHLIVQEPKGQKYECAKRWNVHCVTTQWFFDSIEKGFCQDESIYKTEPRPEAKTMPNSSTPTSQINTIDSRTLSDVSNISNINASCVSESICNSLNSKLEPTLENLENLDVSAFQAPEDLLDGCRIYLCGFSGRKLDKLRRLINSGGGVRFNQLNEDVTHVIVGDYDDELKQFWNKSAHRPHVVGAKWLLECFSKGYMLSEEPYIHANYQPVEIPVSHKPESKAALLKKKNSSFSKKDFAPSEKHEQADEDLLSQYENGSSTVVEAKTSEARPFNDSTHAEPLNDSTHISLQEENQSSVSHCVPDVSTITEEGLFSQKSFLVLGFSNENESNIANIIKENAGKIMSLLSRTVADYAVVPLLGCEVEATVGEVVTNTWLVTCIDYQTLFDPKSNPLFTPVPVMTGMTPLEDCVISFSQCAGAEKESLTFLANLLGASVQEYFVRKSNAKKGMFASTHLILKERGGSKYEAAKKWNLPAVTIAWLLETARTGKRADESHFLIENSTKEERSLETEITNGINLNSDTAEHPGTRLQTHRKTVVTPLDMNRFQSKAFRAVVSQHARQVAASPAVGQPLQKEPSLHLDTPSKFLSKDKLFKPSFDVKDALAALETPGRPSQQKRKPSTPLSEVIVKNLQLALANSSRNAVALSASPQLKEAQSEKEEAPKPLHKVVVCVSKKLSKKQSELNGIAASLGADYRWSFDETVTHFIYQGRPNDTNREYKSVKERGVHIVSEHWLLDCAQECKHLPESLYPHTYNPKMSLDISAVQDGRLCNSRLLSAVSSTKDDEPDPLILEENDVDNMATNNKESAPSNGSGKNDSKGVLTQTLEMRENFQKQLQEIMSATSIVKPQGQRTSLSRSGCNSASSTPDSTRSARSGRSRVLEALRQSRQTVPDVNTEPSQNEQIIWDDPTAREERARLASNLQWPSCPTQYSELQVDIQNLEDSPFQKPLHDSEIAKQAVCDPGNIRVTEAPKHPISEELETPIKDSHLIPTPQAPSIAFPLANPPVAPHPREKIITIEETHEELKKQYIFQLSSLNPQERIDYCHLIEKLGGLVIEKQCFDPTCTHIVVGHPLRNEKYLASVAAGKWVLHRSYLEACRTAGHFVQEEDYEWGSSSILDVLTGINVQQRRLALAAMRWRKKIQQRQESGIVEGAFSGWKVILHVDQSREAGFKRLLQSGGAKVLPGHSVPLFKEATHLFSDLNKLKPDDSGVNIAEAAAQNVYCLRTEYIADYLMQESPPHVENYCLPEAISFIQNNKELGTGLSQKRKAPTEKNKIKRPRVH,0
sp|Q93034|CUL5_HUMAN,MATSNLLKNKGSLQFEDKWDFMRPIVLKLLRQESVTKQQWFDLFSDVHAVCLWDDKGPAKIHQALKEDILEFIKQAQARVLSHQDDTALLKAYIVEWRKFFTQCDILPKPFCQLEITLMGKQGSNKKSNVEDSIVRKLMLDTWNESIFSNIKNRLQDSAMKLVHAERLGEAFDSQLVIGVRESYVNLCSNPEDKLQIYRDNFEKAYLDSTERFYRTQAPSYLQQNGVQNYMKYADAKLKEEEKRALRYLETRRECNSVEALMECCVNALVTSFKETILAECQGMIKRNETEKLHLMFSLMDKVPNGIEPMLKDLEEHIISAGLADMVAAAETITTDSEKYVEQLLTLFNRFSKLVKEAFQDDPRFLTARDKAYKAVVNDATIFKLELPLKQKGVGLKTQPESKCPELLANYCDMLLRKTPLSKKLTSEEIEAKLKEVLLVLKYVQNKDVFMRYHKAHLTRRLILDISADSEIEENMVEWLREVGMPADYVNKLARMFQDIKVSEDLNQAFKEMHKNNKLALPADSVNIKILNAGAWSRSSEKVFVSLPTELEDLIPEVEEFYKKNHSGRKLHWHHLMSNGIITFKNEVGQYDLEVTTFQLAVLFAWNQRPREKISFENLKLATELPDAELRRTLWSLVAFPKLKRQVLLYEPQVNSPKDFTEGTLFSVNQEFSLIKNAKVQKRGKINLIGRLQLTTERMREEENEGIVQLRILRTQEAIIQIMKMRKKISNAQLQTELVEILKNMFLPQKKMIKEQIEWLIEHKYIRRDESDINTFIYMA,0
sp|Q96AK3|ABC3D_HUMAN,MNPQIRNPMERMYRDTFYDNFENEPILYGRSYTWLCYEVKIKRGRSNLLWDTGVFRGPVLPKRQSNHRQEVYFRFENHAEMCFLSWFCGNRLPANRRFQITWFVSWNPCLPCVVKVTKFLAEHPNVTLTISAARLYYYRDRDWRWVLLRLHKAGARVKIMDYEDFAYCWENFVCNEGQPFMPWYKFDDNYASLHRTLKEILRNPMEAMYPHIFYFHFKNLLKACGRNESWLCFTMEVTKHHSAVFRKRGVFRNQVDPETHCHAERCFLSWFCDDILSPNTNYEVTWYTSWSPCPECAGEVAEFLARHSNVNLTIFTARLCYFWDTDYQEGLCSLSQEGASVKIMGYKDFVSCWKNFVYSDDEPFKPWKGLQTNFRLLKRRLREILQ,0
sp|Q96AZ6|ISG20_HUMAN,MAGSREVVAMDCEMVGLGPHRESGLARCSLVNVHGAVLYDKFIRPEGEITDYRTRVSGVTPQHMVGATPFAVARLEILQLLKGKLVVGHDLKHDFQALKEDMSGYTIYDTSTDRLLWREAKLDHCRRVSLRVLSERLLHKSIQNSLLGHSSVEDARATMELYQISQRIRARRGLPRLAVSD,0
sp|Q96DE0|NUD16_HUMAN,MAGARRLELGEALALGSGWRHACHALLYAPDPGMLFGRIPLRYAILMQMRFDGRLGFPGGFVDTQDRSLEDGLNRELREELGEAAAAFRVERTDYRSSHVGSGPRVVAHFYAKRLTLEELLAVEAGATRAKDHGLEVLGLVRVPLYTLRDGVGGLPTFLENSFIGSAREQLLEALQDLGLLQSGSISGLKIPAHH,0
sp|Q96DN6|MBD6_HUMAN,MNGGNESSGADRAGGPVATSVPIGWQRCVREGAVLYISPSGTELSSLEQTRSYLLSDGTCKCGLECPLNVPKVFNFDPLAPVTPGGAGVGPASEEDMTKLCNHRRKAVAMATLYRSMETTCSHSSPGEGASPQMFHTVSPGPPSARPPCRVPPTTPLNGGPGSLPPEPPSVSQAFPTLAGPGGLFPPRLADPVPSGGSSSPRFLPRGNAPSPAPPPPPAISLNAPSYNWGAALRSSLVPSDLGSPPAPHASSSPPSDPPLFHCSDALTPPPLPPSNNLPAHPGPASQPPVSSATMHLPLVLGPLGGAPTVEGPGAPPFLASSLLSAAAKAQHPPLPPPSTLQGRRPRAQAPSASHSSSLRPSQRRPRRPPTVFRLLEGRGPQTPRRSRPRAPAPVPQPFSLPEPSQPILPSVLSLLGLPTPGPSHSDGSFNLLGSDAHLPPPPTLSSGSPPQPRHPIQPSLPGTTSGSLSSVPGAPAPPAASKAPVVPSPVLQSPSEGLGMGAGPACPLPPLAGGEAFPFPSPEQGLALSGAGFPGMLGALPLPLSLGQPPPSPLLNHSLFGVLTGGGGQPPPEPLLPPPGGPGPPLAPGEPEGPSLLVASLLPPPPSDLLPPPSAPPSNLLASFLPLLALGPTAGDGEGSAEGAGGPSGEPFSGLGDLSPLLFPPLSAPPTLIALNSALLAATLDPPSGTPPQPCVLSAPQPGPPTSSVTTATTDPGASSLGKAPSNSGRPPQLLSPLLGASLLGDLSSLTSSPGALPSLLQPPGPLLSGQLGLQLLPGGGAPPPLSEASSPLACLLQSLQIPPEQPEAPCLPPESPASALEPEPARPPLSALAPPHGSPDPPVPELLTGRGSGKRGRRGGGGLRGINGEARPARGRKPGSRREPGRLALKWGTRGGFNGQMERSPRRTHHWQHNGELAEGGAEPKDPPPPGPHSEDLKVPPGVVRKSRRGRRRKYNPTRNSNSSRQDITLEPSPTARAAVPLPPRARPGRPAKNKRRKLAP,0
sp|Q96FC9|DDX11_HUMAN,MANETQKVGAIHFPFPFTPYSIQEDFMAELYRVLEAGKIGIFESPTGTGKSLSLICGALSWLRDFEQKKREEEARLLETGTGPLHDEKDESLCLSSSCEGAAGTPRPAGEPAWVTQFVQKKEERDLVDRLKAEQARRKQREERLQQLQHRVQLKYAAKRLRQEEEERENLLRLSREMLETGPEAERLEQLESGEEELVLAEYESDEEKKVASRVDEDEDDLEEEHITKIYYCSRTHSQLAQFVHEVKKSPFGKDVRLVSLGSRQNLCVNEDVKSLGSVQLINDRCVDMQRSRHEKKKGAEEEKPKRRRQEKQAACPFYNHEQMGLLRDEALAEVKDMEQLLALGKEARACPYYGSRLAIPAAQLVVLPYQMLLHAATRQAAGIRLQDQVVIIDEAHNLIDTITGMHSVEVSGSQLCQAHSQLLQYVERYGKRLKAKNLMYLKQILYLLEKFVAVLGGNIKQNPNTQSLSQTGTELKTINDFLFQSQIDNINLFKVQRYCEKSMISRKLFGFTERYGAVFSSREQPKLAGFQQFLQSLQPRTTEALAAPADESQASTLRPASPLMHIQGFLAALTTANQDGRVILSRQGSLSQSTLKFLLLNPAVHFAQVVKECRAVVIAGGTMQPVSDFRQQLLACAGVEAERVVEFSCGHVIPPDNILPLVICSGISNQPLEFTFQKRELPQMMDEVGRILCNLCGVVPGGVVCFFPSYEYLRQVHAHWEKGGLLGRLAARKKIFQEPKSAHQVEQVLLAYSRCIQACGQERGQVTGALLLSVVGGKMSEGINFSDNLGRCVVMVGMPFPNIRSAELQEKMAYLDQTLSPRPGTPREGSGGEPVHEGRQPVHRQGHQAPEGFCQRSAPGPAICPAPCPGQAAGLDPSPCGGQSYLWPRHCCCAEVSPGEVGLFLMGNHTTAWRRALPLSCPLETVFVVGVVCGDPVTKVKPRRRVWSPECCQDPGTGVSSRRRKWGNPE,0
sp|Q96HF1|SFRP2_HUMAN,MLQGPGSLLLLFLASHCCLGSARGLFLFGQPDFSYKRSNCKPIPANLQLCHGIEYQNMRLPNLLGHETMKEVLEQAGAWIPLVMKQCHPDTKKFLCSLFAPVCLDDLDETIQPCHSLCVQVKDRCAPVMSAFGFPWPDMLECDRFPQDNDLCIPLASSDHLLPATEEAPKVCEACKNKNDDDNDIMETLCKNDFALKIKVKEITYINRDTKIILETKSKTIYKLNGVSERDLKKSVLWLKDSLQCTCEEMNDINAPYLVMGQKQGGELVITSVKRWQKGQREFKRISRSIRKLQC,0
sp|Q96JB5|CK5P3_HUMAN,MEDHQHVPIDIQTSKLLDWLVDRRHCSLKWQSLVLTIREKINAAIQDMPESEEIAQLLSGSYIHYFHCLRILDLLKGTEASTKNIFGRYSSQRMKDWQEIIALYEKDNTYLVELSSLLVRNVNYEIPSLKKQIAKCQQLQQEYSRKEEECQAGAAEMREQFYHSCKQYGITGENVRGELLALVKDLPSQLAEIGAAAQQSLGEAIDVYQASVGFVCESPTEQVLPMLRFVQKRGNSTVYEWRTGTEPSVVERPHLEELPEQVAEDAIDWGDFGVEAVSEGTDSGISAEAAGIDWGIFPESDSKDPGGDGIDWGDDAVALQITVLEAGTQAPEGVARGPDALTLLEYTETRNQFLDELMELEIFLAQRAVELSEEADVLSVSQFQLAPAILQGQTKEKMVTMVSVLEDLIGKLTSLQLQHLFMILASPRYVDRVTEFLQQKLKQSQLLALKKELMVQKQQEALEEQAALEPKLDLLLEKTKELQKLIEADISKRYSGRPVNLMGTSL,0
sp|Q96MF2|STAC3_HUMAN,MTEKEVLESPKPSFPAETRQSGLQRLKQLLRKGSTGTKEMELPPEPQANGEAVGAGGGPIYYIYEEEEEEEEEEEEPPPEPPKLVNDKPHKFKDHFFKKPKFCDVCARMIVLNNKFGLRCKNCKTNIHEHCQSYVEMQRCFGKIPPGFHRAYSSPLYSNQQYACVKDLSAANRNDPVFETLRTGVIMANKERKKGQADKKNPVAAMMEEEPESARPEEGKPQDGNPEGDKKAEKKTPDDKHKQPGFQQSHYFVALYRFKALEKDDLDFPPGEKITVIDDSNEEWWRGKIGEKVGFFPPNFIIRVRAGERVHRVTRSFVGNREIGQITLKKDQIVVQKGDEAGGYVKVYTGRKVGLFPTDFLEEI,0
sp|Q96PP8|GBP5_HUMAN,MALEIHMSDPMCLIENFNEQLKVNQEALEILSAITQPVVVVAIVGLYRTGKSYLMNKLAGKNKGFSVASTVQSHTKGIWIWCVPHPNWPNHTLVLLDTEGLGDVEKADNKNDIQIFALALLLSSTFVYNTVNKIDQGAIDLLHNVTELTDLLKARNSPDLDRVEDPADSASFFPDLVWTLRDFCLGLEIDGQLVTPDEYLENSLRPKQGSDQRVQNFNLPRLCIQKFFPKKKCFIFDLPAHQKKLAQLETLPDDELEPEFVQQVTEFCSYIFSHSMTKTLPGGIMVNGSRLKNLVLTYVNAISSGDLPCIENAVLALAQRENSAAVQKAIAHYDQQMGQKVQLPMETLQELLDLHRTSEREAIEVFMKNSFKDVDQSFQKELETLLDAKQNDICKRNLEASSDYCSALLKDIFGPLEEAVKQGIYSKPGGHNLFIQKTEELKAKYYREPRKGIQAEEVLQKYLKSKESVSHAILQTDQALTETEKKKKEAQVKAEAEKAEAQRLAAIQRQNEQMMQERERLHQEQVRQMEIAKQNWLAEQQKMQEQQMQEQAAQLSTTFQAQNRSLLSELQHAQRTVNNDDPCVLL,0
sp|Q99496|RING2_HUMAN,MSQAVQTNGTQPLSKTWELSLYELQRTPQEAITDGLEIVVSPRSLHSELMCPICLDMLKNTMTTKECLHRFCADCIITALRSGNKECPTCRKKLVSKRSLRPDPNFDALISKIYPSRDEYEAHQERVLARINKHNNQQALSHSIEEGLKIQAMNRLQRGKKQQIENGSGAEDNGDSSHCSNASTHSNQEAGPSNKRTKTSDDSGLELDNNNAAMAIDPVMDGASEIELVFRPHPTLMEKDDSAQTRYIKTSGNATVDHLSKYLAVRLALEELRSKGESNQMNLDTASEKQYTIYIATASGQFTVLNGSFSLELVSEKYWKVNKPMELYYAPTKEHK,0
sp|Q99576|T22D3_HUMAN,MNTEMYQTPMEVAVYQLHNFSISFFSSLLGGDVVSVKLDNSASGASVVAIDNKIEQAMDLVKNHLMYAVREEVEILKEQIRELVEKNSQLERENTLLKTLASPEQLEKFQSCLSPEEPAPESPQVPEAPGGSAV,0
sp|Q99584|S10AD_HUMAN,MAAEPLTELEESIETVVTTFFTFARQEGRKDSLSVNEFKELVTQQLPHLLKDVGSLDEKMKSLDVNQDSELKFNEYWRLIGELAKEIRKKKDLKIRKK,0
sp|Q99717|SMAD5_HUMAN,MTSMASLFSFTSPAVKRLLGWKQGDEEEKWAEKAVDALVKKLKKKKGAMEELEKALSSPGQPSKCVTIPRSLDGRLQVSHRKGLPHVIYCRVWRWPDLQSHHELKPLDICEFPFGSKQKEVCINPYHYKRVESPVLPPVLVPRHNEFNPQHSLLVQFRNLSHNEPHMPQNATFPDSFHQPNNTPFPLSPNSPYPPSPASSTYPNSPASSGPGSPFQLPADTPPPAYMPPDDQMGQDNSQPMDTSNNMIPQIMPSISSRDVQPVAYEEPKHWCSIVYYELNNRVGEAFHASSTSVLVDGFTDPSNNKSRFCLGLLSNVNRNSTIENTRRHIGKGVHLYYVGGEVYAECLSDSSIFVQSRNCNFHHGFHPTTVCKIPSSCSLKIFNNQEFAQLLAQSVNHGFEAVYELTKMCTIRMSFVKGWGAEYHRQDVTSTPCWIEIHLHGPLQWLDKVLTQMGSPLNPISSVS,0
sp|Q99732|LITAF_HUMAN,MSVPGPYQAATGPSSAPSAPPSYEETVAVNSYYPTPPAPMPGPTTGLVTGPDGKGMNPPSYYTQPAPIPNNNPITVQTVYVQHPITFLDRPIQMCCPSCNKMIVSQLSYNAGALTWLSCGSLCLLGCIAGCCFIPFCVDALQDVDHYCPNCRALLGTYKRL,0
sp|Q99828|CIB1_HUMAN,MGGSGSRLSKELLAEYQDLTFLTKQEILLAHRRFCELLPQEQRSVESSLRAQVPFEQILSLPELKANPFKERICRVFSTSPAKDSLSFEDFLDLLSVFSDTATPDIKSHYAFRIFDFDDDGTLNREDLSRLVNCLTGEGEDTRLSASEMKQLIDNILEESDIDRDGTINLSEFQHVISRSPDFASSFKIVL,0
sp|Q9BT78|CSN4_HUMAN,MAAAVRQDLAQLMNSSGSHKDLAGKYRQILEKAIQLSGAEQLEALKAFVEAMVNENVSLVISRQLLTDFCTHLPNLPDSTAKEIYHFTLEKIQPRVISFEEQVASIRQHLASIYEKEEDWRNAAQVLVGIPLETGQKQYNVDYKLETYLKIARLYLEDDDPVQAEAYINRASLLQNESTNEQLQIHYKVCYARVLDYRRKFIEAAQRYNELSYKTIVHESERLEALKHALHCTILASAGQQRSRMLATLFKDERCQQLAAYGILEKMYLDRIIRGNQLQEFAAMLMPHQKATTADGSSILDRAVIEHNLLSASKLYNNITFEELGALLEIPAAKAEKIASQMITEGRMNGFIDQIDGIVHFETREALPTWDKQIQSLCFQVNNLLEKISQTAPEWTAQAMEAQMAQ,0
sp|Q9BUH6|PAXX_HUMAN,MDPLSPPLCTLPPGPEPPRFVCYCEGEESGEGDRGGFNLYVTDAAELWSTCFTPDSLAALKARFGLSAAEDITPRFRAACEQQAVALTLQEDRASLTLSGGPSALAFDLSKVPGPEAAPRLRALTLGLAKRVWSLERRLAAAEETAVSPRKSPRPAGPQLFLPDPDPQRGGPGPGVRRRCPGESLINPGFKSKKPAGGVDFDET,0
sp|Q9BWK5|CYREN_HUMAN,METLQSETKTRVLPSWLTAQVATKNVAPMKAPKRMRMAAVPVAAARLPATRTVYCMNEAEIVDVALGILIESRKQEKACEQPALAGADNPEHSPPCSVSPHTSSGSSSEEEDSGKQALAPGLSPSQRPGGSSSACSRSPEEEEEEDVLKYVREIFFS,0
sp|Q9BXW4|MLP3C_HUMAN,MPPPQKIPSVRPFKQRKSLAIRQEEVAGIRAKFPNKIPVVVERYPRETFLPPLDKTKFLVPQELTMTQFLSIIRSRMVLRATEAFYLLVNNKSLVSMSATMAEIYRDYKDEDGFVYMTYASQETFGCLESAAPRDGSSLEDRPCNPL,0
sp|Q9BY67|CADM1_HUMAN,MASVVLPSGSQCAAAAAAAAPPGLRLRLLLLLFSAAALIPTGDGQNLFTKDVTVIEGEVATISCQVNKSDDSVIQLLNPNRQTIYFRDFRPLKDSRFQLLNFSSSELKVSLTNVSISDEGRYFCQLYTDPPQESYTTITVLVPPRNLMIDIQKDTAVEGEEIEVNCTAMASKPATTIRWFKGNTELKGKSEVEEWSDMYTVTSQLMLKVHKEDDGVPVICQVEHPAVTGNLQTQRYLEVQYKPQVHIQMTYPLQGLTREGDALELTCEAIGKPQPVMVTWVRVDDEMPQHAVLSGPNLFINNLNKTDNGTYRCEASNIVGKAHSDYMLYVYDPPTTIPPPTTTTTTTTTTTTTILTIITDSRAGEEGSIRAVDHAVIGGVVAVVVFAMLCLLIILGRYFARHKGTYFTHEAKGADDAADADTAIINAEGGQNNSEEKKEYFI,0
sp|Q9C000|NLRP1_HUMAN,MAGGAWGRLACYLEFLKKEELKEFQLLLANKAHSRSSSGETPAQPEKTSGMEVASYLVAQYGEQRAWDLALHTWEQMGLRSLCAQAQEGAGHSPSFPYSPSEPHLGSPSQPTSTAVLMPWIHELPAGCTQGSERRVLRQLPDTSGRRWREISASLLYQALPSSPDHESPSQESPNAPTSTAVLGSWGSPPQPSLAPREQEAPGTQWPLDETSGIYYTEIREREREKSEKGRPPWAAVVGTPPQAHTSLQPHHHPWEPSVRESLCSTWPWKNEDFNQKFTQLLLLQRPHPRSQDPLVKRSWPDYVEENRGHLIEIRDLFGPGLDTQEPRIVILQGAAGIGKSTLARQVKEAWGRGQLYGDRFQHVFYFSCRELAQSKVVSLAELIGKDGTATPAPIRQILSRPERLLFILDGVDEPGWVLQEPSSELCLHWSQPQPADALLGSLLGKTILPEASFLITARTTALQNLIPSLEQARWVEVLGFSESSRKEYFYRYFTDERQAIRAFRLVKSNKELWALCLVPWVSWLACTCLMQQMKRKEKLTLTSKTTTTLCLHYLAQALQAQPLGPQLRDLCSLAAEGIWQKKTLFSPDDLRKHGLDGAIISTFLKMGILQEHPIPLSYSFIHLCFQEFFAAMSYVLEDEKGRGKHSNCIIDLEKTLEAYGIHGLFGASTTRFLLGLLSDEGEREMENIFHCRLSQGRNLMQWVPSLQLLLQPHSLESLHCLYETRNKTFLTQVMAHFEEMGMCVETDMELLVCTFCIKFSRHVKKLQLIEGRQHRSTWSPTMVVLFRWVPVTDAYWQILFSVLKVTRNLKELDLSGNSLSHSAVKSLCKTLRRPRCLLETLRLAGCGLTAEDCKDLAFGLRANQTLTELDLSFNVLTDAGAKHLCQRLRQPSCKLQRLQLVSCGLTSDCCQDLASVLSASPSLKELDLQQNNLDDVGVRLLCEGLRHPACKLIRLGLDQTTLSDEMRQELRALEQEKPQLLIFSRRKPSVMTPTEGLDTGEMSNSTSSLKRQRLGSERAASHVAQANLKLLDVSKIFPIAEIAEESSPEVVPVELLCVPSPASQGDLHTKPLGTDDDFWGPTGPVATEVVDKEKNLYRVHFPVAGSYRWPNTGLCFVMREAVTVEIEFCVWDQFLGEINPQHSWMVAGPLLDIKAEPGAVEAVHLPHFVALQGGHVDTSLFQMAHFKEEGMLLEKPARVELHHIVLENPSFSPLGVLLKMIHNALRFIPVTSVVLLYHRVHPEEVTFHLYLIPSDCSIRKAIDDLEMKFQFVRIHKPPPLTPLYMGCRYTVSGSGSGMLEILPKELELCYRSPGEDQLFSEFYVGHLGSGIRLQVKDKKDETLVWEALVKPGDLMPATTLIPPARIAVPSPLDAPQLLHFVDQYREQLIARVTSVEVVLDKLHGQVLSQEQYERVLAENTRPSQMRKLFSLSQSWDRKCKDGLYQALKETHPHLIMELWEKGSKKGLLPLSS,0
sp|Q9H061|T126A_HUMAN,MENHKSNNKENITIVDISRKINQLPEAERNLLENGSVYVGLNAALCGLIANSLFRRILNVTKARIAAGLPMAGIPFLTTDLTYRCFVSFPLNTGDLDCETCTITRSGLTGLVIGGLYPVFLAIPVNGGLAARYQSALLPHKGNILSYWIRTSKPVFRKMLFPILLQTMFSAYLGSEQYKLLIKALQLSEPGKEIH,0
sp|Q9H0R5|GBP3_HUMAN,MAPEIHMTGPMCLIENTNGELVANPEALKILSAITQPVVVVAIVGLYRTGKSYLMNKLAGKNKGFSLGSTVKSHTKGIWMWCVPHPKKPEHTLVLLDTEGLGDVKKGDNQNDSWIFTLAVLLSSTLVYNSMGTINQQAMDQLYYVTELTHRIRSKSSPDENENEDSADFVSFFPDFVWTLRDFSLDLEADGQPLTPDEYLEYSLKLTQGTSQKDKNFNLPRLCIRKFFPKKKCFVFDLPIHRRKLAQLEKLQDEELDPEFVQQVADFCSYIFSNSKTKTLSGGIKVNGPRLESLVLTYINAISRGDLPCMENAVLALAQIENSAAVQKAIAHYDQQMGQKVQLPAETLQELLDLHRVSEREATEVYMKNSFKDVDHLFQKKLAAQLDKKRDDFCKQNQEASSDRCSALLQVIFSPLEEEVKAGIYSKPGGYCLFIQKLQDLEKKYYEEPRKGIQAEEILQTYLKSKESVTDAILQTDQILTEKEKEIEVECVKAESAQASAKMVEEMQIKYQQMMEEKEKSYQEHVKQLTEKMERERAQLLEEQEKTLTSKLQEQARVLKERCQGESTQLQNEIQKLQKTLKKKTKRYMSHKLKI,0
sp|Q9H0R8|GBRL1_HUMAN,MKFQYKEDHPFEYRKKEGEKIRKKYPDRVPVIVEKAPKARVPDLDKRKYLVPSDLTVGQFYFLIRKRIHLRPEDALFFFVNNTIPPTSATMGQLYEDNHEEDYFLYVAYSDESVYGK,0
sp|Q9H492|MLP3A_HUMAN,MPSDRPFKQRRSFADRCKEVQQIRDQHPSKIPVIIERYKGEKQLPVLDKTKFLVPDHVNMSELVKIIRRRLQLNPTQAFFLLVNQHSMVSVSTPIADIYEQEKDEDGFLYMVYASQETFGF,0
sp|Q9H9Q4|NHEJ1_HUMAN,MEELEQGLLMQPWAWLQLAENSLLAKVFITKQGYALLVSDLQQVWHEQVDTSVVSQRAKELNKRLTAPPAAFLCHLDNLLRPLLKDAAHPSEATFSCDCVADALILRVRSELSGLPFYWNFHCMLASPSLVSQHLIRPLMGMSLALQCQVRELATLLHMKDLEIQDYQESGATLIRDRLKTEPFEENSFLEQFMIEKLPEACSIGDGKPFVMNLQDLYMAVTTQEVQVGQKHQGAGDPHTSNSASLQGIDSQCVNQPEQLVSSAPTLSAPEKESTGTSGPLQRPQLSKVKRKKPRGLFS,0
sp|Q9HAJ7|SP30L_HUMAN,MNGFSTEEDSREGPPAAPAAAAPGYGQSCCLIEDGERCVRPAGNASFSKRVQKSISQKKLKLDIDKSVRHLYICDFHKNFIQSVRNKRKRKTSDDGGDSPEHDTDIPEVDLFQLQVNTLRRYKRHYKLQTRPGFNKAQLAETVSRHFRNIPVNEKETLAYFIYMVKSNKSRLDQKSEGGKQLE,0
sp|Q9NRR5|UBQL4_HUMAN,MAEPSGAETRPPIRVTVKTPKDKEEIVICDRASVKEFKEEISRRFKAQQDQLVLIFAGKILKDGDTLNQHGIKDGLTVHLVIKTPQKAQDPAAATASSPSTPDPASAPSTTPASPATPAQPSTSGSASSDAGSGSRRSSGGGPSPGAGEGSPSATASILSGFGGILGLGSLGLGSANFMELQQQMQRQLMSNPEMLSQIMENPLVQDMMSNPDLMRHMIMANPQMQQLMERNPEISHMLNNPELMRQTMELARNPAMMQEMMRNQDRALSNLESIPGGYNALRRMYTDIQEPMFSAAREQFGNNPFSSLAGNSDSSSSQPLRTENREPLPNPWSPSPPTSQAPGSGGEGTGGSGTSQVHPTVSNPFGINAASLGSGMFNSPEMQALLQQISENPQLMQNVISAPYMRSMMQTLAQNPDFAAQMMVNVPLFAGNPQLQEQLRLQLPVFLQQMQNPESLSILTNPRAMQALLQIQQGLQTLQTEAPGLVPSLGSFGISRTPAPSAGSNAGSTPEAPTSSPATPATSSPTGASSAQQQLMQQMIQLLAGSGNSQVQTPEVRFQQQLEQLNSMGFINREANLQALIATGGDINAAIERLLGSQLS,0
sp|Q9NRW3|ABC3C_HUMAN,MNPQIRNPMKAMYPGTFYFQFKNLWEANDRNETWLCFTVEGIKRRSVVSWKTGVFRNQVDSETHCHAERCFLSWFCDDILSPNTKYQVTWYTSWSPCPDCAGEVAEFLARHSNVNLTIFTARLYYFQYPCYQEGLRSLSQEGVAVEIMDYEDFKYCWENFVYNDNEPFKPWKGLKTNFRLLKRRLRESLQ,0
sp|Q9NZ56|FMN2_HUMAN,MGNQDGKLKRSAGDALHEGGGGAEDALGPRDVEATKKGSGGKKALGKHGKGGGGGGGGGESGKKKSKSDSRASVFSNLRIRKNLSKGKGAGGSREDVLDSQALQTGELDSAHSLLTKTPDLSLSADEAGLSDTECADPFEVTGPGGPGPAEARVGGRPIAEDVETAAGAQDGQRTSSGSDTDIYSFHSATEQEDLLSDIQQAIRLQQQQQQQLQLQLQQQQQQQQLQGAEEPAAPPTAVSPQPGAFLGLDRFLLGPSGGAGEAPGSPDTEQALSALSDLPESLAAEPREPQQPPSPGGLPVSEAPSLPAAQPAAKDSPSSTAFPFPEAGPGEEAAGAPVRGAGDTDEEGEEDAFEDAPRGSPGEEWAPEVGEDAPQRLGEEPEEEAQGPDAPAAASLPGSPAPSQRCFKPYPLITPCYIKTTTRQLSSPNHSPSQSPNQSPRIKRRPEPSLSRGSRTALASVAAPAKKHRADGGLAAGLSRSADWTEELGARTPRVGGSAHLLERGVASDSGGGVSPALAAKASGAPAAADGFQNVFTGRTLLEKLFSQQENGPPEEAEKFCSRIIAMGLLLPFSDCFREPCNQNAQTNAASFDQDQLYTWAAVSQPTHSLDYSEGQFPRRVPSMGPPSKPPDEEHRLEDAETESQSAVSETPQKRSDAVQKEVVDMKSEGQATVIQQLEQTIEDLRTKIAELERQYPALDTEVASGHQGLENGVTASGDVCLEALRLEEKEVRHHRILEAKSIQTSPTEEGGVLTLPPVDGLPGRPPCPPGAESGPQTKFCSEISLIVSPRRISVQLDSHQPTQSISQPPPPPSLLWSAGQGQPGSQPPHSISTEFQTSHEHSVSSAFKNSCNIPSPPPLPCTESSSSMPGLGMVPPPPPPLPGMTVPTLPSTAIPQPPPLQGTEMLPPPPPPLPGAGIPPPPPLPGAGILPLPPLPGAGIPPPPPLPGAAIPPPPPLPGAGIPLPPPLPGAGIPPPPPLPGAGIPPPPPLPGAGIPPPPPLPGAGIPPPPPLPGAGIPPPPPLPGAGIPPPPPLPGAGIPPPPPLPGAGIPPPPPLPGAGIPPPPPLPGAGIPPPPPLPGAGIPPPPPLPGAGIPPPPPLPGVGIPPPPPLPGAGIPPPPPLPGAGIPPPPPLPGAGIPPPPPLPRVGIPPPPPLPGAGIPPPPPLPGAGIPPPPPLPGVGIPPPPPLPGVGIPPPPPLPGAGIPPPPPLPGMGIPPAPAPPLPPPGTGIPPPPLLPVSGPPLLPQVGSSTLPTPQVCGFLPPPLPSGLFGLGMNQDKGSRKQPIEPCRPMKPLYWTRIQLHSKRDSSTSLIWEKIEEPSIDCHEFEELFSKTAVKERKKPISDTISKTKAKQVVKLLSNKRSQAVGILMSSLHLDMKDIQHAVVNLDNSVVDLETLQALYENRAQSDELEKIEKHGRSSKDKENAKSLDKPEQFLYELSLIPNFSERVFCILFQSTFSESICSIRRKLELLQKLCETLKNGPGVMQVLGLVLAFGNYMNGGNKTRGQADGFGLDILPKLKDVKSSDNSRSLLSYIVSYYLRNFDEDAGKEQCLFPLPEPQDLFQASQMKFEDFQKDLRKLKKDLKACEVEAGKVYQVSSKEHMQPFKENMEQFIIQAKIDQEAEENSLTETHKCFLETTAYFFMKPKLGEKEVSPNAFFSIWHEFSSDFKDFWKKENKLLLQERVKEAEEVCRQKKGKSLYKIKPRHDSGIKAKISMKT,0
sp|Q9NZI5|GRHL1_HUMAN,MTQEYDNKRPVLVLQNEALYPQRRSYTSEDEAWKSFLENPLTAATKAMMSINGDEDSAAALGLLYDYYKVPRERRSSTAKPEVEHPEPDHSKRNSIPIVTEQPLISAGENRVQVLKNVPFNIVLPHGNQLGIDKRGHLTAPDTTVTVSIATMPTHSIKTETQPHGFAVGIPPAVYHPEPTERVVVFDRNLNTDQFSSGAQAPNAQRRTPDSTFSETFKEGVQEVFFPSDLSLRMPGMNSEDYVFDSVSGNNFEYTLEASKSLRQKPGDSTMTYLNKGQFYPITLKEVSSSEGIHHPISKVRSVIMVVFAEDKSREDQLRHWKYWHSRQHTAKQRCIDIADYKESFNTISNIEEIAYNAISFTWDINDEAKVFISVNCLSTDFSSQKGVKGLPLNIQVDTYSYNNRSNKPVHRAYCQIKVFCDKGAERKIRDEERKQSKRKVSDVKVPLLPSHKRMDITVFKPFIDLDTQPVLFIPDVHFANLQRGTHVLPIASEELEGEGSVLKRGPYGTEDDFAVPPSTKLARIEEPKRVLLYVRKESEEVFDALMLKTPSLKGLMEAISDKYDVPHDKIGKIFKKCKKGILVNMDDNIVKHYSNEDTFQLQIEEAGGSYKLTLTEI,0
sp|Q9NZI6|TF2L1_HUMAN,MLFWHTQPEHYNQHNSGSYLRDVLALPIFKQEEPQLSPENEARLPPLQYVLCAATSPAVKLHEETLTYLNQGQSYEIRLLENRKLGDFQDLNTKYVKSIIRVVFHDRRLQYTEHQQLEGWRWSRPGDRILDIDIPLSVGILDPRASPTQLNAVEFLWDPAKRASAFIQVHCISTEFTPRKHGGEKGVPFRVQIDTFKQNENGEYTEHLHSASCQIKVFKPKGADRKQKTDREKMEKRTAQEKEKYQPSYETTILTECSPWPDVAYQVNSAPSPSYNGSPNSFGLGEGNASPTHPVEALPVGSDHLLPSASIQDAQQWLHRNRFSQFCRLFASFSGADLLKMSRDDLVQICGPADGIRLFNAIKGRNVRPKMTIYVCQELEQNRVPLQQKRDGSGDSNLSVYHAIFLEELTTLELIEKIANLYSISPQHIHRVYRQGPTGIHVVVSNEMVQNFQDESCFVLSTIKAESNDGYHIILKCGL,0
sp|Q9P0U4|CXXC1_HUMAN,MEGDGSDPEPPDAGEDSKSENGENAPIYCICRKPDINCFMIGCDNCNEWFHGDCIRITEKMAKAIREWYCRECREKDPKLEIRYRHKKSRERDGNERDSSEPRDEGGGRKRPVPDPDLQRRAGSGTGVGAMLARGSASPHKSSPQPLVATPSQHHQQQQQQIKRSARMCGECEACRRTEDCGHCDFCRDMKKFGGPNKIRQKCRLRQCQLRARESYKYFPSSLSPVTPSESLPRPRRPLPTQQQPQPSQKLGRIREDEGAVASSTVKEPPEATATPEPLSDEDLPLDPDLYQDFCAGAFDDHGLPWMSDTEESPFLDPALRKRAVKVKHVKRREKKSEKKKEERYKRHRQKQKHKDKWKHPERADAKDPASLPQCLGPGCVRPAQPSSKYCSDDCGMKLAANRIYEILPQRIQQWQQSPCIAEEHGKKLLERIRREQQSARTRLQEMERRFHELEAIILRAKQQAVREDEESNEGDSDDTDLQIFCVSCGHPINPRVALRHMERCYAKYESQTSFGSMYPTRIEGATRLFCDVYNPQSKTYCKRLQVLCPEHSRDPKVPADEVCGCPLVRDVFELTGDFCRLPKRQCNRHYCWEKLRRAEVDLERVRVWYKLDELFEQERNVRTAMTNRAGLLALMLHQTIQHDPLTTDLRSSADR,0
sp|Q9P1Z0|ZBTB4_HUMAN,MPPPAEVTDPSHAPAVLRQLNEQRLRGLFCDVTLIAGDTKFPAHRSVLAASSPFFREALLTSAPLPLPPATGGAAPNPATTTAASSSSSSSSSSSSSSSSASSSSSSSSSSPPPASPPASSPPRVLELPGVPAAAFSDVLNFIYSARLALPGGGGDGAAVAEIGALGRRLGISRLQGLGEGGDAWVPPTPAPMATSQPEEDSFGPGPRPAGEWEGDRAEAQAPDLQCSLPRRPLPCPQCGKSFIHPKRLQTHEAQCRRGASTRGSTGLGAGGAGPGGPAGVDASALPPPVGFRGGPEHVVKVVGGHVLYVCAACERSYVTLSSLKRHSNVHSWRRKYPCRYCEKVFALAEYRTKHEVWHTGERRYQCIFCWETFVTYYNLKTHQRAFHGISPGLLASEKTPNGGYKPKLNTLKLYRLLPMRAAKRPYKTYSQGAPEAPLSPTLNTPAPVAMPASPPPGPPPAPEPGPPPSVITFAHPAPSVIVHGGSSSGGGGSGTASTGGSQAASVITYTAPPRPPKKREYPPPPPEPAATPTSPATAVSPATAAGPAMATTTEEAKGRNPRAGRTLTYTAKPVGGIGGGGGPPTGAGRGPSQLQAPPPLCQITVRIGEEAIVKRRISETDLRPGELSGEEMEESEEDEEEEDEEEEEEDEEESKAGGEDQLWRPYYSYKPKRKAGAAGGASVGGSGLPRGRRPPRWRQKLERRSWEETPAAESPAGRARTERRHRCGDCAQTFTTLRKLRKHQEAHGGGSHSSRAGRRPSTRFTCPHCAKVCKTAAALSRHGQRHAAERPGGTPTPVIAYSKGSAGTRPGDVKEEAPQEMQVSSSSGEAGGGSTAAEEASETASLQDPIISGGEEPPVVASGGSYVYPPVQEFPLALIGGGREPGGGRGKSGSEGPVGAGEGDRMEGIGAAKVTFYPEPYPLVYGPQLLAAYPYNFSNLAALPVALNMVLPDEKGAGALPFLPGVFGYAVNPQAAPPAPPTPPPPTLPPPIPPKGEGERAGVERTQKGDVG,0
sp|Q9P267|MBD5_HUMAN,MNGGKECDGGDKEGGLPAIQVPVGWQRRVDQNGVLYVSPSGSLLSCLEQVKTYLLTDGTCKCGLECPLILPKVFNFDPGAAVKQRTAEDVKADEDVTKLCIHKRKIIAVATLHKSMEAPHPSLVLTSPGGGTNATPVVPSRAATPRSVRNKSHEGITNSVMPECKNPFKLMIGSSNAMGRLYVQELPGSQQQELHPVYPRQRLGSSEHGQKSPFRGSHGGLPSPASSGSQIYGDGSISPRTDPLGSPDVFTRSNPGFHGAPNSSPIHLNRTPLSPPSVMLHGSPVQSSCAMAGRTNIPLSPTLTTKSPVMKKPMCNFSTNMEIPRAMFHHKPPQGPPPPPPPSCALQKKPLTSEKDPLGILDPIPSKPVNQNPVIINPTSFHSNVHSQVPMMNVSMPPAVVPLPSNLPLPTVKPGHMNHGSHVQRVQHSASTSLSPSPVTSPVHMMGTGIGRIEASPQRSRSSSTSSDHGNFMMPPVGPQATSSGIKVPPRSPRSTIGSPRPSMPSSPSTKSDGHHQYKDIPNPLIAGISNVLNTPSSAAFPTASAGSSSVKSQPGLLGMPLNQILNQHNAASFPASSLLSAAAKAQLANQNKLAGNNSSSSSNSGAVAGSGNTEGHSTLNTMFPPTANMLLPTGEGQSGRAALRDKLMSQQKDALRKRKQPPTTVLSLLRQSQMDSSAVPKPGPDLLRKQGQGSFPISSMSQLLQSMSCQSSHLSSNSTPGCGASNTALPCSANQLHFTDPSMNSSVLQNIPLRGEAVHCHNANTNFVHSNSPVPNHHLAGLINQIQASGNCGMLSQSGMALGNSLHPNPPQSRISTSSTPVIPNSIVSSYNQTSSEAGGSGPSSSIAIAGTNHPAITKTTSVLQDGVIVTTAAGNPLQSQLPIGSDFPFVGQEHALHFPSNSTSNNHLPHPLNPSLLSSLPISLPVNQQHLLNQNLLNILQPSAGEGDMSSINNTLSNHQLTHLQSLLNNNQMFPPNQQQQQLLQGYQNLQAFQGQSTIPCPANNNPMACLFQNFQVRMQEDAALLNKRISTQPGLTALPENPNTTLPPFQDTPCELQPRIDPSLGQQVKDGLVVGGPGDASVDAIYKAVVDAASKGMQVVITTAVNSTTQISPIPALSAMSAFTASIGDPLNLSSAVSAVIHGRNMGGVDHDGRLRNSRGARLPKNLDHGKNVNEGDGFEYFKSASCHTSKKQWDGEQSPRGERNRWKYEEFLDHPGHIHSSPCHERPNNVSTLPFLPGEQHPILLPPRNCPGDKILEENFRYNNYKRTMMSFKERLENTVERCAHINGNRPRQSRGFGELLSTAKQDLVLEEQSPSSSNSLENSLVKDYIHYNGDFNAKSVNGCVPSPSDAKSISSEDDLRNPDSPSSNELIHYRPRTFNVGDLVWGQIKGLTSWPGKLVREDDVHNSCQQSPEEGKVEPEKLKTLTEGLEAYSRVRKRNRKSGKLNNHLEAAIHEAMSELDKMSGTVHQIPQGDRQMRPPKPKRRKISR,0
sp|Q9UIF7|MUTYH_HUMAN,MTPLVSRLSRLWAIMRKPRAAVGSGHRKQAASQEGRQKHAKNNSQAKPSACDGMIAECPGAPAGLARQPEEVVLQASVSSYHLFRDVAEVTAFRGSLLSWYDQEKRDLPWRRRAEDEMDLDRRAYAVWVSEVMLQQTQVATVINYYTGWMQKWPTLQDLASASLEEVNQLWAGLGYYSRGRRLQEGARKVVEELGGHMPRTAETLQQLLPGVGRYTAGAIASIAFGQATGVVDGNVARVLCRVRAIGADPSSTLVSQQLWGLAQQLVDPARPGDFNQAAMELGATVCTPQRPLCSQCPVESLCRARQRVEQEQLLASGSLSGSPDVEECAPNTGQCHLCLPPSEPWDQTLGVVNFPRKASRKPPREESSATCVLEQPGALGAQILLVQRPNSGLLAGLWEFPSVTWEPSEQLQRKALLQELQRWAGPLPATHLRHLGEVVHTFSHIKLTYQVYGLALEGQTPVTTVPPGARWLTQEEFHTAAVSTAMKKVFRVYQGQQPGTCMGSKRSQVSSPCSRKKPRMGQQVLDNFFRSHISTDAHSLNSAAQ,0
sp|Q9UKS7|IKZF2_HUMAN,METEAIDGYITCDNELSPEREHSNMAIDLTSSTPNGQHASPSHMTSTNSVKLEMQSDEECDRKPLSREDEIRGHDEGSSLEEPLIESSEVADNRKVQELQGEGGIRLPNGKLKCDVCGMVCIGPNVLMVHKRSHTGERPFHCNQCGASFTQKGNLLRHIKLHSGEKPFKCPFCSYACRRRDALTGHLRTHSVGKPHKCNYCGRSYKQRSSLEEHKERCHNYLQNVSMEAAGQVMSHHVPPMEDCKEQEPIMDNNISLVPFERPAVIEKLTGNMGKRKSSTPQKFVGEKLMRFSYPDIHFDMNLTYEKEAELMQSHMMDQAINNAITYLGAEALHPLMQHPPSTIAEVAPVISSAYSQVYHPNRIERPISRETADSHENNMDGPISLIRPKSRPQEREASPSNSCLDSTDSESSHDDHQSYQGHPALNPKRKQSPAYMKEDVKALDTTKAPKGSLKDIYKVFNGEGEQIRAFKCEHCRVLFLDHVMYTIHMGCHGYRDPLECNICGYRSQDRYEFSSHIVRGEHTFH,0
sp|Q9ULC4|MCTS1_HUMAN,MFKKFDEKENVSNCIQLKTSVIKGIKNQLIEQFPGIEPWLNQIMPKKDPVKIVRCHEHIEILTVNGELLFFRQREGPFYPTLRLLHKYPFILPHQQVDKGAIKFVLSGANIMCPGLTSPGAKLYPAAVDTIVAIMAEGKQHALCVGVMKMSAEDIEKVNKGIGIENIHYLNDGLWHMKTYK,0
sp|Q9ULZ3|ASC_HUMAN,MGRARDAILDALENLTAEELKKFKLKLLSVPLREGYGRIPRGALLSMDALDLTDKLVSFYLETYGAELTANVLRDMGLQEMAGQLQAATHQGSGAAPAGIQAPPQSAAKPGLHFIDQHRAALIARVTNVEWLLDALYGKVLTDEQYQAVRAEPTNPSKMRKLFSFTPAWNWTCKDLLLQALRESQSYLVEDLERS,0
sp|Q9UPN6|SCAF8_HUMAN,MEAVKTFNSELYSLNDYKPPISKAKMTQITKAAIKAIKFYKHVVQSVEKFIQKCKPEYKVPGLYVIDSIVRQSRHQFGQEKDVFAPRFSNNIISTFQNLYRCPGDDKSKIVRVLNLWQKNNVFKSEIIQPLLDMAAGIPPPVVTPVLASTTTAMSNTPGTPVTPVTPANVVQGLPDPWVSQITNTDTLAAVAQILQSPQGQQLQQLIQTLQIQQQKPQPSILQALDAGLVVQLQALTAQLTAAAAAANTLTPLEQGVSFNKKLMDRFDFGEDSEHSEEPKKEIPASQLSHVSESVNNSIFHQIAEQLQQQNLEHLRQQLLEQQQPQKATPQDSQEGTFGSEHSASPSQGSSQQHFLEPEVNLDDSIDIQQQDMDIDEGQDGVEEEVFEQEAKKVAVRSRSRTHSRSRSRSPRKRRSRSRSGSRKRKHRKRSRSRSRERKRKSSRSYSSERRAREREKERQKKGLPPIRSKTLSVCSTTLWVGQVDKKATQQDLTNLFEEFGQIESINMIPPRGCAYVCMVHRQDAFRALQKLSSGSYKIGSKVIKIAWALNKGVKTEYKQFWDVDLGVTYIPWEKVKVDDLEGFAEGGMIDQETVNTEWETVKSSEPVKETVQTTQSPTPVEKETVVTTQAEVFPPPVAMLQIPVAPAVPTVSLVPPAFPVSMPVPPPGFSPIPPPPFLRASFNPSQPPPGFMPPPVPPPVVPPPTIPPVVPTSLVQPSLSMTPETVKDVGFGSLVIPGGSVASNLATSALPAGNVFNAPTKQAEPEEKVPHLIDHQISSGENTRSVIPNDISSNAAILGGQPPNVTSNSGILGVQRPNVSSNSEILGVRPSNVSSSSGIIAAQPPNILNNSGILGIQPPSVSNSSGLLGVLPPNIPNNSGLVGVQPPNVPNTPGLLGTQPPAGPQNLPPLSIPNQRMPTMPMLDIRPGLIPQAPGPRFPLIQPGIPPQRGIPPPSVLDSALHPPPRGPFPPGDIFSQPERPFLAPGRQSVDNVTNPEKRIPLGNDNIQQEGDRDYRFPPIETRESISRPPPVDVRDVVGRPIDPREGPGRPPLDGRDHFGRPPVDIRENLVRPGIDHLGRRDHFGFNPEKPWGHRGDFDEREHRVLPVYGGPKGLHEERGRFRSGNYRFDPRSGPWNRGFGQEVHRDFDDRRRPWERQRDRDDRDFDFCREMNGNRLGRDRIQNTWVPPPHARVFDYFEGATSQRKGDNVPQVNGENTERHAQPPPIPVQNDPELYEKLTSSNEINKEKSDTVADIESEPVVESTETEGT,0
sp|Q9Y3C8|UFC1_HUMAN,MADEATRRVVSEIPVLKTNAGPRDRELWVQRLKEEYQSLIRYVENNKNADNDWFRLESNKEGTRWFGKCWYIHDLLKYEFDIEFDIPITYPTTAPEIAVPELDGKTAKMYRGGKICLTDHFKPLWARNVPKFGLAHLMALGLGPWLAVEIPDLIQKGVIQHKEKCNQ,0
